,Loan_ID,Gender,Married,Dependents,Education,Self_Employed,ApplicantIncome,CoapplicantIncome,LoanAmount,Loan_Amount_Term,Credit_History,Property_Area,Loan_Status
0,LP001002,1323.02908,0,0,0.7083333333333334,1,5849,0.0,128.0,360.0,1.0,0.6584158415841584,1
1,LP001003,1323.02908,2,1,0.7083333333333334,1,4583,1508.0,128.0,360.0,1.0,0.6145251396648045,0
2,LP001005,1323.02908,2,0,0.7083333333333334,2,3000,0.0,66.0,360.0,1.0,0.6584158415841584,1
3,LP001006,1323.02908,2,0,0.6119402985074627,1,2583,2358.0,120.0,360.0,1.0,0.6584158415841584,1
4,LP001008,1323.02908,0,0,0.7083333333333334,1,6000,0.0,141.0,360.0,1.0,0.6584158415841584,1
5,LP001011,1323.02908,2,2,0.7083333333333334,2,5417,4196.0,267.0,360.0,1.0,0.6584158415841584,1
6,LP001013,1323.02908,2,0,0.6119402985074627,1,2333,1516.0,95.0,360.0,1.0,0.6584158415841584,1
7,LP001014,1323.02908,2,6,0.7083333333333334,1,3036,2504.0,158.0,360.0,0.0,0.7682403433476395,0
8,LP001018,1323.02908,2,2,0.7083333333333334,1,4006,1526.0,168.0,360.0,1.0,0.6584158415841584,1
10,LP001024,1323.02908,2,2,0.7083333333333334,1,3200,700.0,70.0,360.0,1.0,0.6584158415841584,1
11,LP001027,1323.02908,2,2,0.7083333333333334,0,2500,1840.0,109.0,360.0,1.0,0.6584158415841584,1
12,LP001028,1323.02908,2,2,0.7083333333333334,1,3073,8106.0,200.0,360.0,1.0,0.6584158415841584,1
13,LP001029,1323.02908,0,0,0.7083333333333334,1,1853,2840.0,114.0,360.0,1.0,0.6145251396648045,0
15,LP001032,1323.02908,0,0,0.7083333333333334,1,4950,0.0,125.0,360.0,1.0,0.6584158415841584,1
16,LP001034,1323.02908,0,1,0.6119402985074627,1,3596,0.0,100.0,240.0,1.0,0.6584158415841584,1
17,LP001036,2433.82711,0,0,0.7083333333333334,1,3510,0.0,76.0,360.0,0.0,0.6584158415841584,0
18,LP001038,1323.02908,2,0,0.6119402985074627,1,4887,0.0,133.0,360.0,1.0,0.6145251396648045,0
19,LP001041,1323.02908,2,0,0.7083333333333334,0,2600,3500.0,115.0,360.0,1.0,0.6584158415841584,1
20,LP001043,1323.02908,2,0,0.6119402985074627,1,7660,0.0,104.0,360.0,0.0,0.6584158415841584,0
21,LP001046,1323.02908,2,1,0.7083333333333334,1,5955,5625.0,315.0,360.0,1.0,0.6584158415841584,1
22,LP001047,1323.02908,2,0,0.6119402985074627,1,2600,1911.0,116.0,360.0,0.0,0.7682403433476395,0
23,LP001050,16.98884,2,2,0.6119402985074627,1,3365,1917.0,112.0,360.0,0.0,0.6145251396648045,0
24,LP001052,1323.02908,2,1,0.7083333333333334,0,3717,2925.0,151.0,360.0,1.0,0.7682403433476395,0
25,LP001066,1323.02908,2,0,0.7083333333333334,2,9560,0.0,191.0,360.0,1.0,0.7682403433476395,1
26,LP001068,1323.02908,2,0,0.7083333333333334,1,2799,2253.0,122.0,360.0,1.0,0.7682403433476395,1
27,LP001073,1323.02908,2,2,0.6119402985074627,1,4226,1040.0,110.0,360.0,1.0,0.6584158415841584,1
28,LP001086,1323.02908,0,0,0.6119402985074627,1,1442,0.0,35.0,360.0,1.0,0.6584158415841584,0
29,LP001087,2433.82711,0,2,0.7083333333333334,0,3750,2083.0,120.0,360.0,1.0,0.7682403433476395,1
30,LP001091,1323.02908,2,1,0.7083333333333334,0,4166,3369.0,201.0,360.0,1.0,0.6584158415841584,0
31,LP001095,1323.02908,0,0,0.7083333333333334,1,3167,0.0,74.0,360.0,1.0,0.6584158415841584,0
32,LP001097,1323.02908,0,1,0.7083333333333334,2,4692,0.0,106.0,360.0,1.0,0.6145251396648045,0
33,LP001098,1323.02908,2,0,0.7083333333333334,1,3500,1667.0,114.0,360.0,1.0,0.7682403433476395,1
34,LP001100,1323.02908,0,6,0.7083333333333334,1,12500,3000.0,320.0,360.0,1.0,0.6145251396648045,0
35,LP001106,1323.02908,2,0,0.7083333333333334,1,2275,2067.0,128.0,360.0,1.0,0.6584158415841584,1
36,LP001109,1323.02908,2,0,0.7083333333333334,1,1828,1330.0,100.0,360.0,0.0,0.6584158415841584,0
37,LP001112,2433.82711,2,0,0.7083333333333334,1,3667,1459.0,144.0,360.0,1.0,0.7682403433476395,1
38,LP001114,1323.02908,0,0,0.7083333333333334,1,4166,7210.0,184.0,360.0,1.0,0.6584158415841584,1
39,LP001116,1323.02908,0,0,0.6119402985074627,1,3748,1668.0,110.0,360.0,1.0,0.7682403433476395,1
40,LP001119,1323.02908,0,0,0.7083333333333334,1,3600,0.0,80.0,360.0,1.0,0.6584158415841584,0
41,LP001120,1323.02908,0,0,0.7083333333333334,1,1800,1213.0,47.0,360.0,1.0,0.6584158415841584,1
42,LP001123,1323.02908,2,0,0.7083333333333334,1,2400,0.0,75.0,360.0,1.0,0.6584158415841584,1
43,LP001131,1323.02908,2,0,0.7083333333333334,1,3941,2336.0,134.0,360.0,1.0,0.7682403433476395,1
44,LP001136,1323.02908,2,0,0.6119402985074627,2,4695,0.0,96.0,360.0,1.0,0.6584158415841584,1
45,LP001137,2433.82711,0,0,0.7083333333333334,1,3410,0.0,88.0,360.0,1.0,0.6584158415841584,1
46,LP001138,1323.02908,2,1,0.7083333333333334,1,5649,0.0,44.0,360.0,1.0,0.6584158415841584,1
47,LP001144,1323.02908,2,0,0.7083333333333334,1,5821,0.0,144.0,360.0,1.0,0.6584158415841584,1
48,LP001146,2433.82711,2,0,0.7083333333333334,1,2645,3440.0,120.0,360.0,0.0,0.6584158415841584,0
49,LP001151,2433.82711,0,0,0.7083333333333334,1,4000,2275.0,144.0,360.0,1.0,0.7682403433476395,1
50,LP001155,2433.82711,2,0,0.6119402985074627,1,1928,1644.0,100.0,360.0,1.0,0.7682403433476395,1
51,LP001157,2433.82711,0,0,0.7083333333333334,1,3086,0.0,120.0,360.0,1.0,0.7682403433476395,1
52,LP001164,2433.82711,0,0,0.7083333333333334,1,4230,0.0,112.0,360.0,1.0,0.7682403433476395,0
53,LP001179,1323.02908,2,2,0.7083333333333334,1,4616,0.0,134.0,360.0,1.0,0.6584158415841584,0
54,LP001186,2433.82711,2,1,0.7083333333333334,2,11500,0.0,286.0,360.0,0.0,0.6584158415841584,0
55,LP001194,1323.02908,2,2,0.7083333333333334,1,2708,1167.0,97.0,360.0,1.0,0.7682403433476395,1
56,LP001195,1323.02908,2,0,0.7083333333333334,1,2132,1591.0,96.0,360.0,1.0,0.7682403433476395,1
57,LP001197,1323.02908,2,0,0.7083333333333334,1,3366,2200.0,135.0,360.0,1.0,0.6145251396648045,0
58,LP001198,1323.02908,2,1,0.7083333333333334,1,8080,2250.0,180.0,360.0,1.0,0.6584158415841584,1
59,LP001199,1323.02908,2,2,0.6119402985074627,1,3357,2859.0,144.0,360.0,1.0,0.6584158415841584,1
60,LP001205,1323.02908,2,0,0.7083333333333334,1,2500,3796.0,120.0,360.0,1.0,0.6584158415841584,1
61,LP001206,1323.02908,2,6,0.7083333333333334,1,3029,0.0,99.0,360.0,1.0,0.6584158415841584,1
62,LP001207,1323.02908,2,0,0.6119402985074627,2,2609,3449.0,165.0,180.0,0.0,0.6145251396648045,0
63,LP001213,1323.02908,2,1,0.7083333333333334,1,4945,0.0,128.0,360.0,0.0,0.6145251396648045,0
64,LP001222,2433.82711,0,0,0.7083333333333334,1,4166,0.0,116.0,360.0,0.0,0.7682403433476395,0
65,LP001225,1323.02908,2,0,0.7083333333333334,1,5726,4595.0,258.0,360.0,1.0,0.7682403433476395,0
66,LP001228,1323.02908,0,0,0.6119402985074627,1,3200,2254.0,126.0,180.0,0.0,0.6584158415841584,0
67,LP001233,1323.02908,2,1,0.7083333333333334,1,10750,0.0,312.0,360.0,1.0,0.6584158415841584,1
69,LP001241,2433.82711,0,0,0.7083333333333334,1,4300,0.0,136.0,360.0,0.0,0.7682403433476395,0
70,LP001243,1323.02908,2,0,0.7083333333333334,1,3208,3066.0,172.0,360.0,1.0,0.6584158415841584,1
71,LP001245,1323.02908,2,2,0.6119402985074627,2,1875,1875.0,97.0,360.0,1.0,0.7682403433476395,1
72,LP001248,1323.02908,0,0,0.7083333333333334,1,3500,0.0,81.0,300.0,1.0,0.7682403433476395,1
73,LP001250,1323.02908,2,6,0.6119402985074627,1,4755,0.0,95.0,360.0,0.0,0.7682403433476395,0
74,LP001253,1323.02908,2,6,0.7083333333333334,2,5266,1774.0,187.0,360.0,1.0,0.7682403433476395,1
75,LP001255,1323.02908,0,0,0.7083333333333334,1,3750,0.0,113.0,480.0,1.0,0.6584158415841584,0
76,LP001256,1323.02908,0,0,0.7083333333333334,1,3750,4750.0,176.0,360.0,1.0,0.6584158415841584,0
77,LP001259,1323.02908,2,1,0.7083333333333334,2,1000,3022.0,110.0,360.0,1.0,0.6584158415841584,0
78,LP001263,1323.02908,2,6,0.7083333333333334,1,3167,4000.0,180.0,300.0,0.0,0.7682403433476395,0
79,LP001264,1323.02908,2,6,0.6119402985074627,2,3333,2166.0,130.0,360.0,1.0,0.7682403433476395,1
80,LP001265,2433.82711,0,0,0.7083333333333334,1,3846,0.0,111.0,360.0,1.0,0.7682403433476395,1
81,LP001266,1323.02908,2,1,0.7083333333333334,2,2395,0.0,128.0,360.0,1.0,0.7682403433476395,1
82,LP001267,2433.82711,2,2,0.7083333333333334,1,1378,1881.0,167.0,360.0,1.0,0.6584158415841584,0
83,LP001273,1323.02908,2,0,0.7083333333333334,1,6000,2250.0,265.0,360.0,1.0,0.7682403433476395,0
84,LP001275,1323.02908,2,1,0.7083333333333334,1,3988,0.0,50.0,240.0,1.0,0.6584158415841584,1
85,LP001279,1323.02908,0,0,0.7083333333333334,1,2366,2531.0,136.0,360.0,1.0,0.7682403433476395,1
86,LP001280,1323.02908,2,2,0.6119402985074627,1,3333,2000.0,99.0,360.0,1.0,0.7682403433476395,1
87,LP001282,1323.02908,2,0,0.7083333333333334,1,2500,2118.0,104.0,360.0,1.0,0.7682403433476395,1
88,LP001289,1323.02908,0,0,0.7083333333333334,1,8566,0.0,210.0,360.0,1.0,0.6584158415841584,1
89,LP001310,1323.02908,2,0,0.7083333333333334,1,5695,4167.0,175.0,360.0,1.0,0.7682403433476395,1
90,LP001316,1323.02908,2,0,0.7083333333333334,1,2958,2900.0,131.0,360.0,1.0,0.7682403433476395,1
91,LP001318,1323.02908,2,2,0.7083333333333334,1,6250,5654.0,188.0,180.0,1.0,0.7682403433476395,1
92,LP001319,1323.02908,2,2,0.6119402985074627,1,3273,1820.0,81.0,360.0,1.0,0.6584158415841584,1
93,LP001322,1323.02908,0,0,0.7083333333333334,1,4133,0.0,122.0,360.0,1.0,0.7682403433476395,1
95,LP001326,1323.02908,0,0,0.7083333333333334,0,6782,0.0,128.0,360.0,1.0,0.6584158415841584,0
96,LP001327,2433.82711,2,0,0.7083333333333334,1,2484,2302.0,137.0,360.0,1.0,0.7682403433476395,1
97,LP001333,1323.02908,2,0,0.7083333333333334,1,1977,997.0,50.0,360.0,1.0,0.7682403433476395,1
98,LP001334,1323.02908,2,0,0.6119402985074627,1,4188,0.0,115.0,180.0,1.0,0.7682403433476395,1
99,LP001343,1323.02908,2,0,0.7083333333333334,1,1759,3541.0,131.0,360.0,1.0,0.7682403433476395,1
100,LP001345,1323.02908,2,2,0.6119402985074627,1,4288,3263.0,133.0,180.0,1.0,0.6584158415841584,1
101,LP001349,1323.02908,0,0,0.7083333333333334,1,4843,3806.0,151.0,360.0,1.0,0.7682403433476395,1
102,LP001350,1323.02908,2,0,0.7083333333333334,1,13650,0.0,128.0,360.0,1.0,0.6584158415841584,1
103,LP001356,1323.02908,2,0,0.7083333333333334,1,4652,3583.0,128.0,360.0,1.0,0.7682403433476395,1
104,LP001357,1323.02908,1,0,0.7083333333333334,1,3816,754.0,160.0,360.0,1.0,0.6584158415841584,1
105,LP001367,1323.02908,2,1,0.7083333333333334,1,3052,1030.0,100.0,360.0,1.0,0.6584158415841584,1
106,LP001369,1323.02908,2,2,0.7083333333333334,1,11417,1126.0,225.0,360.0,1.0,0.6584158415841584,1
107,LP001370,1323.02908,0,0,0.6119402985074627,0,7333,0.0,120.0,360.0,1.0,0.6145251396648045,0
108,LP001379,1323.02908,2,2,0.7083333333333334,1,3800,3600.0,216.0,360.0,0.0,0.6584158415841584,0
109,LP001384,1323.02908,2,6,0.6119402985074627,1,2071,754.0,94.0,480.0,1.0,0.7682403433476395,1
110,LP001385,1323.02908,0,0,0.7083333333333334,1,5316,0.0,136.0,360.0,1.0,0.6584158415841584,1
111,LP001387,2433.82711,2,0,0.7083333333333334,0,2929,2333.0,139.0,360.0,1.0,0.7682403433476395,1
112,LP001391,1323.02908,2,0,0.6119402985074627,1,3572,4114.0,152.0,360.0,0.0,0.6145251396648045,0
113,LP001392,2433.82711,0,1,0.7083333333333334,2,7451,0.0,128.0,360.0,1.0,0.7682403433476395,1
114,LP001398,1323.02908,0,0,0.7083333333333334,0,5050,0.0,118.0,360.0,1.0,0.7682403433476395,1
115,LP001401,1323.02908,2,1,0.7083333333333334,1,14583,0.0,185.0,180.0,1.0,0.6145251396648045,1
116,LP001404,2433.82711,2,0,0.7083333333333334,1,3167,2283.0,154.0,360.0,1.0,0.7682403433476395,1
117,LP001405,1323.02908,2,1,0.7083333333333334,1,2214,1398.0,85.0,360.0,1.0,0.6584158415841584,1
118,LP001421,1323.02908,2,0,0.7083333333333334,1,5568,2142.0,175.0,360.0,1.0,0.6145251396648045,0
119,LP001422,2433.82711,0,0,0.7083333333333334,1,10408,0.0,259.0,360.0,1.0,0.6584158415841584,1
120,LP001426,1323.02908,2,0,0.7083333333333334,1,5667,2667.0,180.0,360.0,1.0,0.6145251396648045,1
121,LP001430,2433.82711,0,0,0.7083333333333334,1,4166,0.0,44.0,360.0,1.0,0.7682403433476395,1
122,LP001431,2433.82711,0,0,0.7083333333333334,1,2137,8980.0,137.0,360.0,0.0,0.7682403433476395,1
123,LP001432,1323.02908,2,2,0.7083333333333334,1,2957,0.0,81.0,360.0,1.0,0.7682403433476395,1
124,LP001439,1323.02908,2,0,0.6119402985074627,1,4300,2014.0,194.0,360.0,1.0,0.6145251396648045,1
125,LP001443,2433.82711,0,0,0.7083333333333334,1,3692,0.0,93.0,360.0,1.0,0.6145251396648045,1
127,LP001449,1323.02908,0,0,0.7083333333333334,1,3865,1640.0,128.0,360.0,1.0,0.6145251396648045,1
128,LP001451,1323.02908,2,1,0.7083333333333334,2,10513,3850.0,160.0,180.0,0.0,0.6584158415841584,0
129,LP001465,1323.02908,2,0,0.7083333333333334,1,6080,2569.0,182.0,360.0,1.0,0.6145251396648045,0
131,LP001473,1323.02908,0,0,0.7083333333333334,1,2014,1929.0,74.0,360.0,1.0,0.6584158415841584,1
132,LP001478,1323.02908,0,0,0.7083333333333334,1,2718,0.0,70.0,360.0,1.0,0.7682403433476395,1
134,LP001487,1323.02908,0,0,0.7083333333333334,1,4895,0.0,102.0,360.0,1.0,0.7682403433476395,1
135,LP001488,1323.02908,2,6,0.7083333333333334,1,4000,7750.0,290.0,360.0,1.0,0.7682403433476395,0
136,LP001489,2433.82711,2,0,0.7083333333333334,1,4583,0.0,84.0,360.0,1.0,0.6145251396648045,0
137,LP001491,1323.02908,2,2,0.7083333333333334,2,3316,3500.0,88.0,360.0,1.0,0.6584158415841584,1
138,LP001492,1323.02908,0,0,0.7083333333333334,1,14999,0.0,242.0,360.0,0.0,0.7682403433476395,0
139,LP001493,1323.02908,2,2,0.6119402985074627,1,4200,1430.0,129.0,360.0,1.0,0.6145251396648045,0
140,LP001497,1323.02908,2,2,0.7083333333333334,1,5042,2083.0,185.0,360.0,1.0,0.6145251396648045,0
141,LP001498,1323.02908,0,0,0.7083333333333334,1,5417,0.0,168.0,360.0,1.0,0.6584158415841584,1
142,LP001504,1323.02908,0,0,0.7083333333333334,2,6950,0.0,175.0,180.0,1.0,0.7682403433476395,1
143,LP001507,1323.02908,2,0,0.7083333333333334,1,2698,2034.0,122.0,360.0,1.0,0.7682403433476395,1
144,LP001508,1323.02908,2,2,0.7083333333333334,1,11757,0.0,187.0,180.0,1.0,0.6584158415841584,1
145,LP001514,2433.82711,2,0,0.7083333333333334,1,2330,4486.0,100.0,360.0,1.0,0.7682403433476395,1
146,LP001516,2433.82711,2,2,0.7083333333333334,1,14866,0.0,70.0,360.0,1.0,0.6584158415841584,1
147,LP001518,1323.02908,2,1,0.7083333333333334,1,1538,1425.0,30.0,360.0,1.0,0.6584158415841584,1
148,LP001519,2433.82711,0,0,0.7083333333333334,1,10000,1666.0,225.0,360.0,1.0,0.6145251396648045,0
149,LP001520,1323.02908,2,0,0.7083333333333334,1,4860,830.0,125.0,360.0,1.0,0.7682403433476395,1
150,LP001528,1323.02908,0,0,0.7083333333333334,1,6277,0.0,118.0,360.0,0.0,0.6145251396648045,0
151,LP001529,1323.02908,2,0,0.7083333333333334,2,2577,3750.0,152.0,360.0,1.0,0.6145251396648045,1
152,LP001531,1323.02908,0,0,0.7083333333333334,1,9166,0.0,244.0,360.0,1.0,0.6584158415841584,0
153,LP001532,1323.02908,2,2,0.6119402985074627,1,2281,0.0,113.0,360.0,1.0,0.6145251396648045,0
154,LP001535,1323.02908,0,0,0.7083333333333334,1,3254,0.0,50.0,360.0,1.0,0.6584158415841584,1
156,LP001541,1323.02908,2,1,0.7083333333333334,1,6000,0.0,160.0,360.0,1.0,0.6145251396648045,1
157,LP001543,1323.02908,2,1,0.7083333333333334,1,9538,0.0,187.0,360.0,1.0,0.6584158415841584,1
158,LP001546,1323.02908,0,0,0.7083333333333334,0,2980,2083.0,120.0,360.0,1.0,0.6145251396648045,1
159,LP001552,1323.02908,2,0,0.7083333333333334,1,4583,5625.0,255.0,360.0,1.0,0.7682403433476395,1
160,LP001560,1323.02908,2,0,0.6119402985074627,1,1863,1041.0,98.0,360.0,1.0,0.7682403433476395,1
161,LP001562,1323.02908,2,0,0.7083333333333334,1,7933,0.0,275.0,360.0,1.0,0.6584158415841584,0
162,LP001565,1323.02908,2,1,0.7083333333333334,1,3089,1280.0,121.0,360.0,0.0,0.7682403433476395,0
163,LP001570,1323.02908,2,2,0.7083333333333334,1,4167,1447.0,158.0,360.0,1.0,0.6145251396648045,1
164,LP001572,1323.02908,2,0,0.7083333333333334,1,9323,0.0,75.0,180.0,1.0,0.6584158415841584,1
165,LP001574,1323.02908,2,0,0.7083333333333334,1,3707,3166.0,182.0,360.0,1.0,0.6145251396648045,1
166,LP001577,2433.82711,2,0,0.7083333333333334,1,4583,0.0,112.0,360.0,1.0,0.6145251396648045,0
167,LP001578,1323.02908,2,0,0.7083333333333334,1,2439,3333.0,129.0,360.0,1.0,0.6145251396648045,1
168,LP001579,1323.02908,0,0,0.7083333333333334,1,2237,0.0,63.0,480.0,0.0,0.7682403433476395,0
169,LP001580,1323.02908,2,2,0.7083333333333334,1,8000,0.0,200.0,360.0,1.0,0.7682403433476395,1
170,LP001581,1323.02908,2,0,0.6119402985074627,0,1820,1769.0,95.0,360.0,1.0,0.6145251396648045,1
172,LP001586,1323.02908,2,6,0.6119402985074627,1,3522,0.0,81.0,180.0,1.0,0.6145251396648045,0
173,LP001594,1323.02908,2,0,0.7083333333333334,1,5708,5625.0,187.0,360.0,1.0,0.7682403433476395,1
174,LP001603,1323.02908,2,0,0.6119402985074627,2,4344,736.0,87.0,360.0,1.0,0.7682403433476395,0
175,LP001606,1323.02908,2,0,0.7083333333333334,1,3497,1964.0,116.0,360.0,1.0,0.6145251396648045,1
176,LP001608,1323.02908,2,2,0.7083333333333334,1,2045,1619.0,101.0,360.0,1.0,0.6145251396648045,1
178,LP001616,1323.02908,2,1,0.7083333333333334,1,3750,0.0,116.0,360.0,1.0,0.7682403433476395,1
179,LP001630,1323.02908,0,0,0.6119402985074627,1,2333,1451.0,102.0,480.0,0.0,0.6584158415841584,0
180,LP001633,1323.02908,2,1,0.7083333333333334,1,6400,7250.0,180.0,360.0,0.0,0.6584158415841584,0
181,LP001634,1323.02908,0,0,0.7083333333333334,1,1916,5063.0,67.0,360.0,1.0,0.6145251396648045,0
182,LP001636,1323.02908,2,0,0.7083333333333334,1,4600,0.0,73.0,180.0,1.0,0.7682403433476395,1
184,LP001639,2433.82711,2,0,0.7083333333333334,1,3625,0.0,108.0,360.0,1.0,0.7682403433476395,1
186,LP001641,1323.02908,2,1,0.7083333333333334,2,2178,0.0,66.0,300.0,0.0,0.6145251396648045,0
187,LP001643,1323.02908,2,0,0.7083333333333334,1,2383,2138.0,58.0,360.0,1.0,0.6145251396648045,1
188,LP001644,16.98884,2,0,0.7083333333333334,2,674,5296.0,168.0,360.0,1.0,0.6145251396648045,1
189,LP001647,1323.02908,2,0,0.7083333333333334,1,9328,0.0,188.0,180.0,1.0,0.6145251396648045,1
190,LP001653,1323.02908,0,0,0.6119402985074627,1,4885,0.0,48.0,360.0,1.0,0.6145251396648045,1
191,LP001656,1323.02908,0,0,0.7083333333333334,1,12000,0.0,164.0,360.0,1.0,0.7682403433476395,0
192,LP001657,1323.02908,2,0,0.6119402985074627,1,6033,0.0,160.0,360.0,1.0,0.6584158415841584,0
193,LP001658,1323.02908,0,0,0.7083333333333334,1,3858,0.0,76.0,360.0,1.0,0.7682403433476395,1
194,LP001664,1323.02908,0,0,0.7083333333333334,1,4191,0.0,120.0,360.0,1.0,0.6145251396648045,1
195,LP001665,1323.02908,2,1,0.7083333333333334,1,3125,2583.0,170.0,360.0,1.0,0.7682403433476395,0
196,LP001666,1323.02908,0,0,0.7083333333333334,1,8333,3750.0,187.0,360.0,1.0,0.6145251396648045,1
197,LP001669,2433.82711,0,0,0.6119402985074627,1,1907,2365.0,120.0,360.0,1.0,0.6584158415841584,1
198,LP001671,2433.82711,2,0,0.7083333333333334,1,3416,2816.0,113.0,360.0,1.0,0.7682403433476395,1
199,LP001673,1323.02908,0,0,0.7083333333333334,2,11000,0.0,83.0,360.0,1.0,0.6584158415841584,0
200,LP001674,1323.02908,2,1,0.6119402985074627,1,2600,2500.0,90.0,360.0,1.0,0.7682403433476395,1
201,LP001677,1323.02908,0,2,0.7083333333333334,1,4923,0.0,166.0,360.0,0.0,0.7682403433476395,1
202,LP001682,1323.02908,2,6,0.6119402985074627,1,3992,0.0,128.0,180.0,1.0,0.6584158415841584,0
203,LP001688,1323.02908,2,1,0.6119402985074627,1,3500,1083.0,135.0,360.0,1.0,0.6584158415841584,1
204,LP001691,1323.02908,2,2,0.6119402985074627,1,3917,0.0,124.0,360.0,1.0,0.7682403433476395,1
205,LP001692,2433.82711,0,0,0.6119402985074627,1,4408,0.0,120.0,360.0,1.0,0.7682403433476395,1
206,LP001693,2433.82711,0,0,0.7083333333333334,1,3244,0.0,80.0,360.0,1.0,0.6584158415841584,1
207,LP001698,1323.02908,0,0,0.6119402985074627,1,3975,2531.0,55.0,360.0,1.0,0.6145251396648045,1
208,LP001699,1323.02908,0,0,0.7083333333333334,1,2479,0.0,59.0,360.0,1.0,0.6584158415841584,1
209,LP001702,1323.02908,0,0,0.7083333333333334,1,3418,0.0,127.0,360.0,1.0,0.7682403433476395,0
210,LP001708,2433.82711,0,0,0.7083333333333334,1,10000,0.0,214.0,360.0,1.0,0.7682403433476395,0
211,LP001711,1323.02908,2,6,0.7083333333333334,1,3430,1250.0,128.0,360.0,0.0,0.7682403433476395,0
212,LP001713,1323.02908,2,1,0.7083333333333334,2,7787,0.0,240.0,360.0,1.0,0.6584158415841584,1
213,LP001715,1323.02908,2,6,0.6119402985074627,2,5703,0.0,130.0,360.0,1.0,0.6145251396648045,1
214,LP001716,1323.02908,2,0,0.7083333333333334,1,3173,3021.0,137.0,360.0,1.0,0.6584158415841584,1
215,LP001720,1323.02908,2,6,0.6119402985074627,1,3850,983.0,100.0,360.0,1.0,0.7682403433476395,1
216,LP001722,1323.02908,2,0,0.7083333333333334,1,150,1800.0,135.0,360.0,1.0,0.6145251396648045,0
217,LP001726,1323.02908,2,0,0.7083333333333334,1,3727,1775.0,131.0,360.0,1.0,0.7682403433476395,1
218,LP001732,1323.02908,2,2,0.7083333333333334,0,5000,0.0,72.0,360.0,0.0,0.7682403433476395,0
219,LP001734,2433.82711,2,2,0.7083333333333334,1,4283,2383.0,127.0,360.0,1.0,0.7682403433476395,1
220,LP001736,1323.02908,2,0,0.7083333333333334,1,2221,0.0,60.0,360.0,0.0,0.6584158415841584,0
221,LP001743,1323.02908,2,2,0.7083333333333334,1,4009,1717.0,116.0,360.0,1.0,0.7682403433476395,1
222,LP001744,1323.02908,0,0,0.7083333333333334,1,2971,2791.0,144.0,360.0,1.0,0.7682403433476395,1
223,LP001749,1323.02908,2,0,0.7083333333333334,1,7578,1010.0,175.0,360.0,1.0,0.7682403433476395,1
224,LP001750,1323.02908,2,0,0.7083333333333334,1,6250,0.0,128.0,360.0,1.0,0.7682403433476395,1
225,LP001751,1323.02908,2,0,0.7083333333333334,1,3250,0.0,170.0,360.0,1.0,0.6145251396648045,0
226,LP001754,1323.02908,2,0,0.6119402985074627,2,4735,0.0,138.0,360.0,1.0,0.6584158415841584,0
227,LP001758,1323.02908,2,2,0.7083333333333334,1,6250,1695.0,210.0,360.0,1.0,0.7682403433476395,1
228,LP001760,1323.02908,1,0,0.7083333333333334,1,4758,0.0,158.0,480.0,1.0,0.7682403433476395,1
229,LP001761,1323.02908,0,0,0.7083333333333334,2,6400,0.0,200.0,360.0,1.0,0.6145251396648045,1
230,LP001765,1323.02908,2,1,0.7083333333333334,1,2491,2054.0,104.0,360.0,1.0,0.7682403433476395,1
231,LP001768,1323.02908,2,0,0.7083333333333334,0,3716,0.0,42.0,180.0,1.0,0.6145251396648045,1
232,LP001770,1323.02908,0,0,0.6119402985074627,1,3189,2598.0,120.0,360.0,1.0,0.6145251396648045,1
233,LP001776,2433.82711,0,0,0.7083333333333334,1,8333,0.0,280.0,360.0,1.0,0.7682403433476395,1
234,LP001778,1323.02908,2,1,0.7083333333333334,1,3155,1779.0,140.0,360.0,1.0,0.7682403433476395,1
235,LP001784,1323.02908,2,1,0.7083333333333334,1,5500,1260.0,170.0,360.0,1.0,0.6145251396648045,1
236,LP001786,1323.02908,2,0,0.7083333333333334,0,5746,0.0,255.0,360.0,1.0,0.6584158415841584,0
237,LP001788,2433.82711,0,0,0.7083333333333334,2,3463,0.0,122.0,360.0,1.0,0.6584158415841584,1
238,LP001790,2433.82711,0,1,0.7083333333333334,1,3812,0.0,112.0,360.0,1.0,0.6145251396648045,1
239,LP001792,1323.02908,2,1,0.7083333333333334,1,3315,0.0,96.0,360.0,1.0,0.7682403433476395,1
240,LP001798,1323.02908,2,2,0.7083333333333334,1,5819,5000.0,120.0,360.0,1.0,0.6145251396648045,1
241,LP001800,1323.02908,2,1,0.6119402985074627,1,2510,1983.0,140.0,180.0,1.0,0.6584158415841584,0
243,LP001807,1323.02908,2,2,0.7083333333333334,2,6250,1300.0,108.0,360.0,1.0,0.6145251396648045,1
244,LP001811,1323.02908,2,0,0.6119402985074627,1,3406,4417.0,123.0,360.0,1.0,0.7682403433476395,1
245,LP001813,1323.02908,0,0,0.7083333333333334,2,6050,4333.0,120.0,180.0,1.0,0.6584158415841584,0
246,LP001814,1323.02908,2,2,0.7083333333333334,1,9703,0.0,112.0,360.0,1.0,0.6584158415841584,1
247,LP001819,1323.02908,2,1,0.6119402985074627,1,6608,0.0,137.0,180.0,1.0,0.6584158415841584,1
248,LP001824,1323.02908,2,1,0.7083333333333334,1,2882,1843.0,123.0,480.0,1.0,0.7682403433476395,1
249,LP001825,1323.02908,2,0,0.7083333333333334,1,1809,1868.0,90.0,360.0,1.0,0.6584158415841584,1
250,LP001835,1323.02908,2,0,0.6119402985074627,1,1668,3890.0,201.0,360.0,0.0,0.7682403433476395,0
251,LP001836,2433.82711,0,2,0.7083333333333334,1,3427,0.0,138.0,360.0,1.0,0.6584158415841584,0
252,LP001841,1323.02908,0,0,0.6119402985074627,2,2583,2167.0,104.0,360.0,1.0,0.6145251396648045,1
253,LP001843,1323.02908,2,1,0.6119402985074627,1,2661,7101.0,279.0,180.0,1.0,0.7682403433476395,1
254,LP001844,1323.02908,0,0,0.7083333333333334,2,16250,0.0,192.0,360.0,0.0,0.6584158415841584,0
255,LP001846,2433.82711,0,6,0.7083333333333334,1,3083,0.0,255.0,360.0,1.0,0.6145251396648045,1
256,LP001849,1323.02908,0,0,0.6119402985074627,1,6045,0.0,115.0,360.0,0.0,0.6145251396648045,0
257,LP001854,1323.02908,2,6,0.7083333333333334,1,5250,0.0,94.0,360.0,1.0,0.6584158415841584,0
258,LP001859,1323.02908,2,0,0.7083333333333334,1,14683,2100.0,304.0,360.0,1.0,0.6145251396648045,0
259,LP001864,1323.02908,2,6,0.6119402985074627,1,4931,0.0,128.0,360.0,1.0,0.7682403433476395,0
260,LP001865,1323.02908,2,1,0.7083333333333334,1,6083,4250.0,330.0,360.0,1.0,0.6584158415841584,1
261,LP001868,1323.02908,0,0,0.7083333333333334,1,2060,2209.0,134.0,360.0,1.0,0.7682403433476395,1
263,LP001871,2433.82711,0,0,0.7083333333333334,1,7200,0.0,120.0,360.0,1.0,0.6145251396648045,1
264,LP001872,1323.02908,0,0,0.7083333333333334,2,5166,0.0,128.0,360.0,1.0,0.7682403433476395,1
265,LP001875,1323.02908,0,0,0.7083333333333334,1,4095,3447.0,151.0,360.0,1.0,0.6145251396648045,1
266,LP001877,1323.02908,2,2,0.7083333333333334,1,4708,1387.0,150.0,360.0,1.0,0.7682403433476395,1
267,LP001882,1323.02908,2,6,0.7083333333333334,1,4333,1811.0,160.0,360.0,0.0,0.6584158415841584,1
268,LP001883,2433.82711,0,0,0.7083333333333334,0,3418,0.0,135.0,360.0,1.0,0.6145251396648045,0
269,LP001884,2433.82711,0,1,0.7083333333333334,1,2876,1560.0,90.0,360.0,1.0,0.6584158415841584,1
270,LP001888,2433.82711,0,0,0.7083333333333334,1,3237,0.0,30.0,360.0,1.0,0.6584158415841584,1
271,LP001891,1323.02908,2,0,0.7083333333333334,1,11146,0.0,136.0,360.0,1.0,0.6584158415841584,1
272,LP001892,1323.02908,0,0,0.7083333333333334,1,2833,1857.0,126.0,360.0,1.0,0.6145251396648045,1
273,LP001894,1323.02908,2,0,0.7083333333333334,1,2620,2223.0,150.0,360.0,1.0,0.7682403433476395,1
274,LP001896,1323.02908,2,2,0.7083333333333334,1,3900,0.0,90.0,360.0,1.0,0.7682403433476395,1
275,LP001900,1323.02908,2,1,0.7083333333333334,1,2750,1842.0,115.0,360.0,1.0,0.7682403433476395,1
276,LP001903,1323.02908,2,0,0.7083333333333334,1,3993,3274.0,207.0,360.0,1.0,0.7682403433476395,1
277,LP001904,1323.02908,2,0,0.7083333333333334,1,3103,1300.0,80.0,360.0,1.0,0.6584158415841584,1
279,LP001908,2433.82711,2,0,0.6119402985074627,1,4100,0.0,124.0,360.0,1.0,0.6145251396648045,1
280,LP001910,1323.02908,0,1,0.6119402985074627,2,4053,2426.0,158.0,360.0,0.0,0.6584158415841584,0
281,LP001914,1323.02908,2,0,0.7083333333333334,1,3927,800.0,112.0,360.0,1.0,0.7682403433476395,1
282,LP001915,1323.02908,2,2,0.7083333333333334,1,2301,985.7999877999998,78.0,180.0,1.0,0.6584158415841584,1
283,LP001917,2433.82711,0,0,0.7083333333333334,1,1811,1666.0,54.0,360.0,1.0,0.6584158415841584,1
284,LP001922,1323.02908,2,0,0.7083333333333334,1,20667,0.0,128.0,360.0,1.0,0.6145251396648045,0
285,LP001924,1323.02908,0,0,0.7083333333333334,1,3158,3053.0,89.0,360.0,1.0,0.6145251396648045,1
286,LP001925,2433.82711,0,0,0.7083333333333334,2,2600,1717.0,99.0,300.0,1.0,0.7682403433476395,0
287,LP001926,1323.02908,2,0,0.7083333333333334,1,3704,2000.0,120.0,360.0,1.0,0.6145251396648045,1
288,LP001931,2433.82711,0,0,0.7083333333333334,1,4124,0.0,115.0,360.0,1.0,0.7682403433476395,1
289,LP001935,1323.02908,0,0,0.7083333333333334,1,9508,0.0,187.0,360.0,1.0,0.6145251396648045,1
290,LP001936,1323.02908,2,0,0.7083333333333334,1,3075,2416.0,139.0,360.0,1.0,0.6145251396648045,1
291,LP001938,1323.02908,2,2,0.7083333333333334,1,4400,0.0,127.0,360.0,0.0,0.7682403433476395,0
292,LP001940,1323.02908,2,2,0.7083333333333334,1,3153,1560.0,134.0,360.0,1.0,0.6584158415841584,1
293,LP001945,2433.82711,0,0,0.7083333333333334,1,5417,0.0,143.0,480.0,0.0,0.6584158415841584,0
294,LP001947,1323.02908,2,0,0.7083333333333334,1,2383,3334.0,172.0,360.0,1.0,0.7682403433476395,1
295,LP001949,1323.02908,2,6,0.7083333333333334,0,4416,1250.0,110.0,360.0,1.0,0.6584158415841584,1
296,LP001953,1323.02908,2,1,0.7083333333333334,1,6875,0.0,200.0,360.0,1.0,0.7682403433476395,1
297,LP001954,2433.82711,2,1,0.7083333333333334,1,4666,0.0,135.0,360.0,1.0,0.6584158415841584,1
298,LP001955,2433.82711,0,0,0.7083333333333334,1,5000,2541.0,151.0,480.0,1.0,0.6145251396648045,0
299,LP001963,1323.02908,2,1,0.7083333333333334,1,2014,2925.0,113.0,360.0,1.0,0.6584158415841584,0
300,LP001964,1323.02908,2,0,0.6119402985074627,1,1800,2934.0,93.0,360.0,0.0,0.6584158415841584,0
301,LP001972,1323.02908,2,0,0.6119402985074627,1,2875,1750.0,105.0,360.0,1.0,0.7682403433476395,1
302,LP001974,2433.82711,0,0,0.7083333333333334,1,5000,0.0,132.0,360.0,1.0,0.6145251396648045,1
303,LP001977,1323.02908,2,1,0.7083333333333334,1,1625,1803.0,96.0,360.0,1.0,0.6584158415841584,1
304,LP001978,1323.02908,0,0,0.7083333333333334,1,4000,2500.0,140.0,360.0,1.0,0.6145251396648045,1
305,LP001990,1323.02908,0,0,0.6119402985074627,1,2000,0.0,128.0,360.0,1.0,0.6584158415841584,0
306,LP001993,2433.82711,0,0,0.7083333333333334,1,3762,1666.0,135.0,360.0,1.0,0.6145251396648045,1
307,LP001994,2433.82711,0,0,0.7083333333333334,1,2400,1863.0,104.0,360.0,0.0,0.6584158415841584,0
309,LP001998,1323.02908,2,2,0.6119402985074627,1,7667,0.0,185.0,360.0,1.0,0.6145251396648045,1
310,LP002002,2433.82711,0,0,0.7083333333333334,1,2917,0.0,84.0,360.0,1.0,0.7682403433476395,1
311,LP002004,1323.02908,0,0,0.6119402985074627,1,2927,2405.0,111.0,360.0,1.0,0.7682403433476395,1
312,LP002006,2433.82711,0,0,0.7083333333333334,1,2507,0.0,56.0,360.0,1.0,0.6145251396648045,1
314,LP002024,16.98884,2,0,0.7083333333333334,1,2473,1843.0,159.0,360.0,1.0,0.6145251396648045,0
315,LP002031,1323.02908,2,1,0.6119402985074627,1,3399,1640.0,111.0,180.0,1.0,0.6584158415841584,1
316,LP002035,1323.02908,2,2,0.7083333333333334,1,3717,0.0,120.0,360.0,1.0,0.7682403433476395,1
317,LP002036,1323.02908,2,0,0.7083333333333334,1,2058,2134.0,88.0,360.0,1.0,0.6584158415841584,1
318,LP002043,2433.82711,0,1,0.7083333333333334,1,3541,0.0,112.0,360.0,1.0,0.7682403433476395,1
319,LP002050,1323.02908,2,1,0.7083333333333334,2,10000,0.0,155.0,360.0,1.0,0.6145251396648045,0
320,LP002051,1323.02908,2,0,0.7083333333333334,1,2400,2167.0,115.0,360.0,1.0,0.7682403433476395,1
321,LP002053,1323.02908,2,6,0.7083333333333334,1,4342,189.0,124.0,360.0,1.0,0.7682403433476395,1
322,LP002054,1323.02908,2,2,0.6119402985074627,1,3601,1590.0,128.0,360.0,1.0,0.6145251396648045,1
323,LP002055,2433.82711,0,0,0.7083333333333334,1,3166,2985.0,132.0,360.0,1.0,0.6145251396648045,1
324,LP002065,1323.02908,2,6,0.7083333333333334,1,15000,0.0,300.0,360.0,1.0,0.6145251396648045,1
326,LP002068,1323.02908,0,0,0.7083333333333334,1,4917,0.0,130.0,360.0,0.0,0.6145251396648045,1
327,LP002082,1323.02908,2,0,0.7083333333333334,2,5818,2160.0,184.0,360.0,1.0,0.7682403433476395,1
328,LP002086,2433.82711,2,0,0.7083333333333334,1,4333,2451.0,110.0,360.0,1.0,0.6584158415841584,0
329,LP002087,2433.82711,0,0,0.7083333333333334,1,2500,0.0,67.0,360.0,1.0,0.6584158415841584,1
330,LP002097,1323.02908,0,1,0.7083333333333334,1,4384,1793.0,117.0,360.0,1.0,0.6584158415841584,1
331,LP002098,1323.02908,0,0,0.7083333333333334,1,2935,0.0,98.0,360.0,1.0,0.7682403433476395,1
332,LP002100,1323.02908,0,0,0.7083333333333334,1,2833,0.0,71.0,360.0,1.0,0.6584158415841584,1
334,LP002103,16.98884,2,1,0.7083333333333334,2,9833,1833.0,182.0,180.0,1.0,0.6584158415841584,1
335,LP002106,1323.02908,2,0,0.7083333333333334,2,5503,4490.0,70.0,360.0,1.0,0.7682403433476395,1
336,LP002110,1323.02908,2,1,0.7083333333333334,0,5250,688.0,160.0,360.0,1.0,0.6145251396648045,1
337,LP002112,1323.02908,2,2,0.7083333333333334,2,2500,4600.0,176.0,360.0,1.0,0.6145251396648045,1
338,LP002113,2433.82711,0,6,0.6119402985074627,1,1830,0.0,128.0,360.0,0.0,0.6584158415841584,0
339,LP002114,2433.82711,0,0,0.7083333333333334,1,4160,0.0,71.0,360.0,1.0,0.7682403433476395,1
340,LP002115,1323.02908,2,6,0.6119402985074627,1,2647,1587.0,173.0,360.0,1.0,0.6145251396648045,0
341,LP002116,2433.82711,0,0,0.7083333333333334,1,2378,0.0,46.0,360.0,1.0,0.6145251396648045,0
342,LP002119,1323.02908,2,1,0.6119402985074627,1,4554,1229.0,158.0,360.0,1.0,0.6584158415841584,1
343,LP002126,1323.02908,2,6,0.6119402985074627,1,3173,0.0,74.0,360.0,1.0,0.7682403433476395,1
344,LP002128,1323.02908,2,2,0.7083333333333334,0,2583,2330.0,125.0,360.0,1.0,0.6145251396648045,1
345,LP002129,1323.02908,2,0,0.7083333333333334,1,2499,2458.0,160.0,360.0,1.0,0.7682403433476395,1
346,LP002130,1323.02908,2,0,0.6119402985074627,1,3523,3230.0,152.0,360.0,0.0,0.6145251396648045,0
347,LP002131,1323.02908,2,2,0.6119402985074627,1,3083,2168.0,126.0,360.0,1.0,0.6584158415841584,1
348,LP002137,1323.02908,2,0,0.7083333333333334,1,6333,4583.0,259.0,360.0,1.0,0.7682403433476395,1
349,LP002138,1323.02908,2,0,0.7083333333333334,1,2625,6250.0,187.0,360.0,1.0,0.6145251396648045,1
350,LP002139,1323.02908,2,0,0.7083333333333334,1,9083,0.0,228.0,360.0,1.0,0.7682403433476395,1
351,LP002140,1323.02908,0,0,0.7083333333333334,1,8750,4167.0,308.0,360.0,1.0,0.6145251396648045,0
352,LP002141,1323.02908,2,6,0.7083333333333334,1,2666,2083.0,95.0,360.0,1.0,0.6145251396648045,1
353,LP002142,2433.82711,2,0,0.7083333333333334,2,5500,0.0,105.0,360.0,0.0,0.6145251396648045,0
354,LP002143,2433.82711,2,0,0.7083333333333334,1,2423,505.0,130.0,360.0,1.0,0.7682403433476395,1
355,LP002144,2433.82711,0,0,0.7083333333333334,1,3813,0.0,116.0,180.0,1.0,0.6584158415841584,1
356,LP002149,1323.02908,2,2,0.7083333333333334,1,8333,3167.0,165.0,360.0,1.0,0.6145251396648045,1
357,LP002151,1323.02908,2,1,0.7083333333333334,1,3875,0.0,67.0,360.0,1.0,0.6584158415841584,0
358,LP002158,1323.02908,2,0,0.6119402985074627,1,3000,1666.0,100.0,480.0,0.0,0.6584158415841584,0
359,LP002160,1323.02908,2,6,0.7083333333333334,1,5167,3167.0,200.0,360.0,1.0,0.7682403433476395,1
360,LP002161,2433.82711,0,1,0.7083333333333334,1,4723,0.0,81.0,360.0,1.0,0.7682403433476395,0
361,LP002170,1323.02908,2,2,0.7083333333333334,1,5000,3667.0,236.0,360.0,1.0,0.7682403433476395,1
362,LP002175,1323.02908,2,0,0.7083333333333334,1,4750,2333.0,130.0,360.0,1.0,0.6584158415841584,1
363,LP002178,1323.02908,2,0,0.7083333333333334,1,3013,3033.0,95.0,300.0,1.0,0.6584158415841584,1
364,LP002180,1323.02908,0,0,0.7083333333333334,2,6822,0.0,141.0,360.0,1.0,0.6145251396648045,1
365,LP002181,1323.02908,0,0,0.6119402985074627,1,6216,0.0,133.0,360.0,1.0,0.6145251396648045,0
366,LP002187,1323.02908,0,0,0.7083333333333334,1,2500,0.0,96.0,480.0,1.0,0.7682403433476395,0
367,LP002188,1323.02908,0,0,0.7083333333333334,1,5124,0.0,124.0,360.0,0.0,0.6145251396648045,0
368,LP002190,1323.02908,2,1,0.7083333333333334,1,6325,0.0,175.0,360.0,1.0,0.7682403433476395,1
370,LP002194,2433.82711,0,0,0.7083333333333334,2,15759,0.0,55.0,360.0,1.0,0.7682403433476395,1
371,LP002197,1323.02908,2,2,0.7083333333333334,1,5185,0.0,155.0,360.0,1.0,0.7682403433476395,1
373,LP002205,1323.02908,0,1,0.7083333333333334,1,3062,1987.0,111.0,180.0,0.0,0.6584158415841584,0
374,LP002209,2433.82711,0,0,0.7083333333333334,0,2764,1459.0,110.0,360.0,1.0,0.6584158415841584,1
375,LP002211,1323.02908,2,0,0.7083333333333334,1,4817,923.0,120.0,180.0,1.0,0.6584158415841584,1
376,LP002219,1323.02908,2,6,0.7083333333333334,1,8750,4996.0,130.0,360.0,1.0,0.6145251396648045,1
377,LP002223,1323.02908,2,0,0.7083333333333334,1,4310,0.0,130.0,360.0,1.0,0.7682403433476395,1
378,LP002224,1323.02908,0,0,0.7083333333333334,1,3069,0.0,71.0,480.0,1.0,0.6584158415841584,0
379,LP002225,1323.02908,2,2,0.7083333333333334,1,5391,0.0,130.0,360.0,1.0,0.6584158415841584,1
380,LP002226,1323.02908,2,0,0.7083333333333334,0,3333,2500.0,128.0,360.0,1.0,0.7682403433476395,1
381,LP002229,1323.02908,0,0,0.7083333333333334,1,5941,4232.0,296.0,360.0,1.0,0.7682403433476395,1
382,LP002231,2433.82711,0,0,0.7083333333333334,1,6000,0.0,156.0,360.0,1.0,0.6584158415841584,1
383,LP002234,1323.02908,0,0,0.7083333333333334,2,7167,0.0,128.0,360.0,1.0,0.6584158415841584,1
384,LP002236,1323.02908,2,2,0.7083333333333334,1,4566,0.0,100.0,360.0,1.0,0.6584158415841584,0
385,LP002237,1323.02908,0,1,0.7083333333333334,0,3667,0.0,113.0,180.0,1.0,0.6584158415841584,1
386,LP002239,1323.02908,0,0,0.6119402985074627,1,2346,1600.0,132.0,360.0,1.0,0.7682403433476395,1
387,LP002243,1323.02908,2,0,0.6119402985074627,1,3010,3136.0,128.0,360.0,0.0,0.6584158415841584,0
388,LP002244,1323.02908,2,0,0.7083333333333334,1,2333,2417.0,136.0,360.0,1.0,0.6584158415841584,1
389,LP002250,1323.02908,2,0,0.7083333333333334,1,5488,0.0,125.0,360.0,1.0,0.6145251396648045,1
390,LP002255,1323.02908,0,6,0.7083333333333334,1,9167,0.0,185.0,360.0,1.0,0.6145251396648045,1
391,LP002262,1323.02908,2,6,0.7083333333333334,1,9504,0.0,275.0,360.0,1.0,0.6145251396648045,1
392,LP002263,1323.02908,2,0,0.7083333333333334,1,2583,2115.0,120.0,360.0,1.0,0.6584158415841584,1
393,LP002265,1323.02908,2,2,0.6119402985074627,1,1993,1625.0,113.0,180.0,1.0,0.7682403433476395,1
394,LP002266,1323.02908,2,2,0.7083333333333334,1,3100,1400.0,113.0,360.0,1.0,0.6584158415841584,1
395,LP002272,1323.02908,2,2,0.7083333333333334,1,3276,484.0,135.0,360.0,1.0,0.7682403433476395,1
396,LP002277,2433.82711,0,0,0.7083333333333334,1,3180,0.0,71.0,360.0,0.0,0.6584158415841584,0
397,LP002281,1323.02908,2,0,0.7083333333333334,1,3033,1459.0,95.0,360.0,1.0,0.6584158415841584,1
398,LP002284,1323.02908,0,0,0.6119402985074627,1,3902,1666.0,109.0,360.0,1.0,0.6145251396648045,1
399,LP002287,2433.82711,0,0,0.7083333333333334,1,1500,1800.0,103.0,360.0,0.0,0.7682403433476395,0
400,LP002288,1323.02908,2,2,0.6119402985074627,1,2889,0.0,45.0,180.0,0.0,0.6584158415841584,0
401,LP002296,1323.02908,0,0,0.6119402985074627,1,2755,0.0,65.0,300.0,1.0,0.6145251396648045,0
403,LP002300,2433.82711,0,0,0.6119402985074627,1,1963,0.0,53.0,360.0,1.0,0.7682403433476395,1
404,LP002301,2433.82711,0,0,0.7083333333333334,2,7441,0.0,194.0,360.0,1.0,0.6145251396648045,0
405,LP002305,2433.82711,0,0,0.7083333333333334,1,4547,0.0,115.0,360.0,1.0,0.7682403433476395,1
406,LP002308,1323.02908,2,0,0.6119402985074627,1,2167,2400.0,115.0,360.0,1.0,0.6584158415841584,1
407,LP002314,2433.82711,0,0,0.6119402985074627,1,2213,0.0,66.0,360.0,1.0,0.6145251396648045,1
408,LP002315,1323.02908,2,1,0.7083333333333334,1,8300,0.0,152.0,300.0,0.0,0.7682403433476395,0
410,LP002318,2433.82711,0,1,0.6119402985074627,2,3867,0.0,62.0,360.0,1.0,0.7682403433476395,0
411,LP002319,1323.02908,2,0,0.7083333333333334,0,6256,0.0,160.0,360.0,1.0,0.6584158415841584,1
412,LP002328,1323.02908,2,0,0.6119402985074627,1,6096,0.0,218.0,360.0,0.0,0.6145251396648045,0
413,LP002332,1323.02908,2,0,0.6119402985074627,1,2253,2033.0,110.0,360.0,1.0,0.6145251396648045,1
414,LP002335,2433.82711,2,0,0.6119402985074627,1,2149,3237.0,178.0,360.0,0.0,0.7682403433476395,0
415,LP002337,2433.82711,0,0,0.7083333333333334,1,2995,0.0,60.0,360.0,1.0,0.6584158415841584,1
416,LP002341,2433.82711,0,1,0.7083333333333334,1,2600,0.0,160.0,360.0,1.0,0.6584158415841584,0
418,LP002345,1323.02908,2,0,0.7083333333333334,1,1025,2773.0,112.0,360.0,1.0,0.6145251396648045,1
419,LP002347,1323.02908,2,0,0.7083333333333334,1,3246,1417.0,138.0,360.0,1.0,0.7682403433476395,1
420,LP002348,1323.02908,2,0,0.7083333333333334,1,5829,0.0,138.0,360.0,1.0,0.6145251396648045,1
421,LP002357,2433.82711,0,0,0.6119402985074627,1,2720,0.0,80.0,360.0,0.0,0.6584158415841584,0
422,LP002361,1323.02908,2,0,0.7083333333333334,1,1820,1719.0,100.0,360.0,1.0,0.6584158415841584,1
423,LP002362,1323.02908,2,1,0.7083333333333334,1,7250,1667.0,110.0,360.0,0.0,0.6584158415841584,0
424,LP002364,1323.02908,2,0,0.7083333333333334,1,14880,0.0,96.0,360.0,1.0,0.7682403433476395,1
425,LP002366,1323.02908,2,0,0.7083333333333334,1,2666,4300.0,121.0,360.0,1.0,0.6145251396648045,1
426,LP002367,2433.82711,0,1,0.6119402985074627,1,4606,0.0,81.0,360.0,1.0,0.6145251396648045,0
427,LP002368,1323.02908,2,2,0.7083333333333334,1,5935,0.0,133.0,360.0,1.0,0.7682403433476395,1
428,LP002369,1323.02908,2,0,0.7083333333333334,1,2920,16.12000084,87.0,360.0,1.0,0.6145251396648045,1
429,LP002370,1323.02908,0,0,0.6119402985074627,1,2717,0.0,60.0,180.0,1.0,0.6584158415841584,1
430,LP002377,2433.82711,0,1,0.7083333333333334,2,8624,0.0,150.0,360.0,1.0,0.7682403433476395,1
431,LP002379,1323.02908,0,0,0.7083333333333334,1,6500,0.0,105.0,360.0,0.0,0.6145251396648045,0
433,LP002387,1323.02908,2,0,0.7083333333333334,1,2425,2340.0,143.0,360.0,1.0,0.7682403433476395,1
434,LP002390,1323.02908,0,0,0.7083333333333334,1,3750,0.0,100.0,360.0,1.0,0.6584158415841584,1
435,LP002393,2433.82711,1,0,0.7083333333333334,1,10047,0.0,128.0,240.0,1.0,0.7682403433476395,1
436,LP002398,1323.02908,0,0,0.7083333333333334,1,1926,1851.0,50.0,360.0,1.0,0.7682403433476395,1
437,LP002401,1323.02908,2,0,0.7083333333333334,1,2213,1125.0,128.0,360.0,1.0,0.6584158415841584,1
438,LP002403,1323.02908,0,0,0.7083333333333334,2,10416,0.0,187.0,360.0,0.0,0.6584158415841584,0
439,LP002407,2433.82711,2,0,0.6119402985074627,2,7142,0.0,138.0,360.0,1.0,0.6145251396648045,1
440,LP002408,1323.02908,0,0,0.7083333333333334,1,3660,5064.0,187.0,360.0,1.0,0.7682403433476395,1
441,LP002409,1323.02908,2,0,0.7083333333333334,1,7901,1833.0,180.0,360.0,1.0,0.6145251396648045,1
442,LP002418,1323.02908,0,6,0.6119402985074627,1,4707,1993.0,148.0,360.0,1.0,0.7682403433476395,1
444,LP002424,1323.02908,2,0,0.7083333333333334,1,7333,8333.0,175.0,300.0,1.0,0.6145251396648045,1
445,LP002429,1323.02908,2,1,0.7083333333333334,2,3466,1210.0,130.0,360.0,1.0,0.6145251396648045,1
446,LP002434,1323.02908,2,2,0.6119402985074627,1,4652,0.0,110.0,360.0,1.0,0.6145251396648045,1
447,LP002435,1323.02908,2,0,0.7083333333333334,0,3539,1376.0,55.0,360.0,1.0,0.6145251396648045,0
448,LP002443,1323.02908,2,2,0.7083333333333334,1,3340,1710.0,150.0,360.0,0.0,0.6145251396648045,0
449,LP002444,1323.02908,0,1,0.6119402985074627,2,2769,1542.0,190.0,360.0,1.0,0.7682403433476395,0
450,LP002446,1323.02908,2,2,0.6119402985074627,1,2309,1255.0,125.0,360.0,0.0,0.6145251396648045,0
451,LP002447,1323.02908,2,2,0.6119402985074627,1,1958,1456.0,60.0,300.0,1.0,0.6584158415841584,1
452,LP002448,1323.02908,2,0,0.7083333333333334,1,3948,1733.0,149.0,360.0,0.0,0.6145251396648045,0
453,LP002449,1323.02908,2,0,0.7083333333333334,1,2483,2466.0,90.0,180.0,0.0,0.6145251396648045,1
454,LP002453,1323.02908,0,0,0.7083333333333334,2,7085,0.0,84.0,360.0,1.0,0.7682403433476395,1
455,LP002455,1323.02908,2,2,0.7083333333333334,1,3859,0.0,96.0,360.0,1.0,0.7682403433476395,1
456,LP002459,1323.02908,2,0,0.7083333333333334,1,4301,0.0,118.0,360.0,1.0,0.6584158415841584,1
457,LP002467,1323.02908,2,0,0.7083333333333334,1,3708,2569.0,173.0,360.0,1.0,0.6584158415841584,0
458,LP002472,1323.02908,0,2,0.7083333333333334,1,4354,0.0,136.0,360.0,1.0,0.6145251396648045,1
459,LP002473,1323.02908,2,0,0.7083333333333334,1,8334,0.0,160.0,360.0,1.0,0.7682403433476395,0
460,LP002478,16.98884,2,0,0.7083333333333334,2,2083,4083.0,160.0,360.0,1.0,0.7682403433476395,1
461,LP002484,1323.02908,2,6,0.7083333333333334,1,7740,0.0,128.0,180.0,1.0,0.6584158415841584,1
462,LP002487,1323.02908,2,0,0.7083333333333334,1,3015,2188.0,153.0,360.0,1.0,0.6145251396648045,1
463,LP002489,2433.82711,0,1,0.6119402985074627,0,5191,0.0,132.0,360.0,1.0,0.7682403433476395,1
464,LP002493,1323.02908,0,0,0.7083333333333334,1,4166,0.0,98.0,360.0,0.0,0.7682403433476395,0
465,LP002494,1323.02908,0,0,0.7083333333333334,1,6000,0.0,140.0,360.0,1.0,0.6145251396648045,1
466,LP002500,1323.02908,2,6,0.6119402985074627,1,2947,1664.0,70.0,180.0,0.0,0.6584158415841584,0
467,LP002501,16.98884,2,0,0.7083333333333334,1,16692,0.0,110.0,360.0,1.0,0.7682403433476395,1
468,LP002502,2433.82711,2,2,0.6119402985074627,0,210,2917.0,98.0,360.0,1.0,0.7682403433476395,1
469,LP002505,1323.02908,2,0,0.7083333333333334,1,4333,2451.0,110.0,360.0,1.0,0.6584158415841584,0
470,LP002515,1323.02908,2,1,0.7083333333333334,2,3450,2079.0,162.0,360.0,1.0,0.7682403433476395,1
471,LP002517,1323.02908,2,1,0.6119402985074627,1,2653,1500.0,113.0,180.0,0.0,0.6145251396648045,0
472,LP002519,1323.02908,2,6,0.7083333333333334,1,4691,0.0,100.0,360.0,1.0,0.7682403433476395,1
473,LP002522,2433.82711,0,0,0.7083333333333334,2,2500,0.0,93.0,360.0,1.0,0.6584158415841584,1
474,LP002524,1323.02908,0,2,0.7083333333333334,1,5532,4648.0,162.0,360.0,1.0,0.6145251396648045,1
475,LP002527,1323.02908,2,2,0.7083333333333334,2,16525,1014.0,150.0,360.0,1.0,0.6145251396648045,1
476,LP002529,1323.02908,2,2,0.7083333333333334,1,6700,1750.0,230.0,300.0,1.0,0.7682403433476395,1
477,LP002530,16.98884,2,2,0.7083333333333334,1,2873,1872.0,132.0,360.0,0.0,0.7682403433476395,0
478,LP002531,1323.02908,2,1,0.7083333333333334,2,16667,2250.0,86.0,360.0,1.0,0.7682403433476395,1
479,LP002533,1323.02908,2,2,0.7083333333333334,1,2947,1603.0,128.0,360.0,1.0,0.6584158415841584,0
480,LP002534,2433.82711,0,0,0.6119402985074627,1,4350,0.0,154.0,360.0,1.0,0.6145251396648045,1
481,LP002536,1323.02908,2,6,0.6119402985074627,1,3095,0.0,113.0,360.0,1.0,0.6145251396648045,1
482,LP002537,1323.02908,2,0,0.7083333333333334,1,2083,3150.0,128.0,360.0,1.0,0.7682403433476395,1
483,LP002541,1323.02908,2,0,0.7083333333333334,1,10833,0.0,234.0,360.0,1.0,0.7682403433476395,1
484,LP002543,1323.02908,2,2,0.7083333333333334,1,8333,0.0,246.0,360.0,1.0,0.7682403433476395,1
485,LP002544,1323.02908,2,1,0.6119402985074627,1,1958,2436.0,131.0,360.0,1.0,0.6145251396648045,1
486,LP002545,1323.02908,0,2,0.7083333333333334,1,3547,0.0,80.0,360.0,0.0,0.6145251396648045,0
488,LP002555,1323.02908,2,2,0.7083333333333334,2,4583,2083.0,160.0,360.0,1.0,0.7682403433476395,1
489,LP002556,1323.02908,0,0,0.7083333333333334,1,2435,0.0,75.0,360.0,1.0,0.6584158415841584,0
490,LP002560,1323.02908,0,0,0.6119402985074627,1,2699,2785.0,96.0,360.0,1.0,0.7682403433476395,1
491,LP002562,1323.02908,2,1,0.6119402985074627,1,5333,1131.0,186.0,360.0,1.0,0.6584158415841584,1
492,LP002571,1323.02908,0,0,0.6119402985074627,1,3691,0.0,110.0,360.0,1.0,0.6145251396648045,1
493,LP002582,2433.82711,0,0,0.6119402985074627,2,17263,0.0,225.0,360.0,1.0,0.7682403433476395,1
494,LP002585,1323.02908,2,0,0.7083333333333334,1,3597,2157.0,119.0,360.0,0.0,0.6145251396648045,0
496,LP002587,1323.02908,2,0,0.6119402985074627,1,2600,1700.0,107.0,360.0,1.0,0.6145251396648045,1
498,LP002600,1323.02908,2,1,0.7083333333333334,2,2895,0.0,95.0,360.0,1.0,0.7682403433476395,1
499,LP002602,1323.02908,0,0,0.7083333333333334,1,6283,4416.0,209.0,360.0,0.0,0.6145251396648045,0
500,LP002603,2433.82711,0,0,0.7083333333333334,1,645,3683.0,113.0,480.0,1.0,0.6145251396648045,1
501,LP002606,2433.82711,0,0,0.7083333333333334,1,3159,0.0,100.0,360.0,1.0,0.7682403433476395,1
502,LP002615,1323.02908,2,2,0.7083333333333334,1,4865,5624.0,208.0,360.0,1.0,0.7682403433476395,1
503,LP002618,1323.02908,2,1,0.6119402985074627,1,4050,5302.0,138.0,360.0,1.0,0.6145251396648045,0
504,LP002619,1323.02908,2,0,0.6119402985074627,1,3814,1483.0,124.0,300.0,1.0,0.7682403433476395,1
505,LP002622,1323.02908,2,2,0.7083333333333334,1,3510,4416.0,243.0,360.0,1.0,0.6145251396648045,1
507,LP002625,16.98884,0,0,0.7083333333333334,1,3583,0.0,96.0,360.0,1.0,0.6584158415841584,0
508,LP002626,1323.02908,2,0,0.7083333333333334,2,2479,3013.0,188.0,360.0,1.0,0.6584158415841584,1
509,LP002634,2433.82711,0,1,0.7083333333333334,1,13262,0.0,40.0,360.0,1.0,0.6584158415841584,1
510,LP002637,1323.02908,0,0,0.6119402985074627,1,3598,1287.0,100.0,360.0,1.0,0.6145251396648045,0
511,LP002640,1323.02908,2,1,0.7083333333333334,1,6065,2004.0,250.0,360.0,1.0,0.7682403433476395,1
512,LP002643,1323.02908,2,2,0.7083333333333334,1,3283,2035.0,148.0,360.0,1.0,0.6584158415841584,1
513,LP002648,1323.02908,2,0,0.7083333333333334,1,2130,6666.0,70.0,180.0,1.0,0.7682403433476395,0
514,LP002652,1323.02908,0,0,0.7083333333333334,1,5815,3666.0,311.0,360.0,1.0,0.6145251396648045,0
515,LP002659,1323.02908,2,6,0.7083333333333334,1,3466,3428.0,150.0,360.0,1.0,0.6145251396648045,1
516,LP002670,2433.82711,2,2,0.7083333333333334,1,2031,1632.0,113.0,480.0,1.0,0.7682403433476395,1
517,LP002682,1323.02908,2,0,0.6119402985074627,1,3074,1800.0,123.0,360.0,0.0,0.7682403433476395,0
518,LP002683,1323.02908,0,0,0.7083333333333334,1,4683,1915.0,185.0,360.0,1.0,0.7682403433476395,0
519,LP002684,2433.82711,0,0,0.6119402985074627,1,3400,0.0,95.0,360.0,1.0,0.6145251396648045,0
520,LP002689,1323.02908,2,2,0.6119402985074627,1,2192,1742.0,45.0,360.0,1.0,0.7682403433476395,1
521,LP002690,1323.02908,0,0,0.7083333333333334,1,2500,0.0,55.0,360.0,1.0,0.7682403433476395,1
522,LP002692,1323.02908,2,6,0.7083333333333334,2,5677,1424.0,100.0,360.0,1.0,0.6145251396648045,1
524,LP002697,1323.02908,0,0,0.7083333333333334,1,4680,2087.0,128.0,360.0,1.0,0.7682403433476395,0
526,LP002705,1323.02908,2,0,0.7083333333333334,1,3775,0.0,110.0,360.0,1.0,0.7682403433476395,1
527,LP002706,1323.02908,2,1,0.6119402985074627,1,5285,1430.0,161.0,360.0,0.0,0.7682403433476395,1
528,LP002714,1323.02908,0,1,0.6119402985074627,1,2679,1302.0,94.0,360.0,1.0,0.7682403433476395,1
529,LP002716,1323.02908,0,0,0.6119402985074627,1,6783,0.0,130.0,360.0,1.0,0.7682403433476395,1
530,LP002717,1323.02908,2,0,0.7083333333333334,1,1025,5500.0,216.0,360.0,1.0,0.6145251396648045,1
531,LP002720,1323.02908,2,6,0.7083333333333334,1,4281,0.0,100.0,360.0,1.0,0.6584158415841584,1
532,LP002723,1323.02908,0,2,0.7083333333333334,1,3588,0.0,110.0,360.0,0.0,0.6145251396648045,0
533,LP002729,1323.02908,0,1,0.7083333333333334,1,11250,0.0,196.0,360.0,1.0,0.7682403433476395,0
534,LP002731,2433.82711,0,0,0.6119402985074627,2,18165,0.0,125.0,360.0,1.0,0.6584158415841584,1
535,LP002732,1323.02908,0,0,0.6119402985074627,0,2550,2042.0,126.0,360.0,1.0,0.6145251396648045,1
536,LP002734,1323.02908,2,0,0.7083333333333334,1,6133,3906.0,324.0,360.0,1.0,0.6584158415841584,1
537,LP002738,1323.02908,0,2,0.7083333333333334,1,3617,0.0,107.0,360.0,1.0,0.7682403433476395,1
538,LP002739,1323.02908,2,0,0.6119402985074627,1,2917,536.0,66.0,360.0,1.0,0.6145251396648045,0
539,LP002740,1323.02908,2,6,0.7083333333333334,1,6417,0.0,157.0,180.0,1.0,0.6145251396648045,1
540,LP002741,2433.82711,2,1,0.7083333333333334,1,4608,2845.0,140.0,180.0,1.0,0.7682403433476395,1
541,LP002743,2433.82711,0,0,0.7083333333333334,1,2138,0.0,99.0,360.0,0.0,0.7682403433476395,0
542,LP002753,2433.82711,0,1,0.7083333333333334,0,3652,0.0,95.0,360.0,1.0,0.7682403433476395,1
543,LP002755,1323.02908,2,1,0.6119402985074627,1,2239,2524.0,128.0,360.0,1.0,0.6584158415841584,1
544,LP002757,2433.82711,2,0,0.6119402985074627,1,3017,663.0,102.0,360.0,1.0,0.7682403433476395,1
545,LP002767,1323.02908,2,0,0.7083333333333334,1,2768,1950.0,155.0,360.0,1.0,0.6145251396648045,1
547,LP002772,1323.02908,0,0,0.7083333333333334,1,2526,1783.0,145.0,360.0,1.0,0.6145251396648045,1
548,LP002776,2433.82711,0,0,0.7083333333333334,1,5000,0.0,103.0,360.0,0.0,0.7682403433476395,0
549,LP002777,1323.02908,2,0,0.7083333333333334,1,2785,2016.0,110.0,360.0,1.0,0.6145251396648045,1
550,LP002778,1323.02908,2,2,0.7083333333333334,2,6633,0.0,128.0,360.0,0.0,0.6145251396648045,0
551,LP002784,1323.02908,2,1,0.6119402985074627,1,2492,2375.0,128.0,360.0,1.0,0.6145251396648045,1
552,LP002785,1323.02908,2,1,0.7083333333333334,1,3333,3250.0,158.0,360.0,1.0,0.6584158415841584,1
553,LP002788,1323.02908,2,0,0.6119402985074627,1,2454,2333.0,181.0,360.0,0.0,0.6584158415841584,0
554,LP002789,1323.02908,2,0,0.7083333333333334,1,3593,4266.0,132.0,180.0,0.0,0.6145251396648045,0
555,LP002792,1323.02908,2,1,0.7083333333333334,1,5468,1032.0,26.0,360.0,1.0,0.7682403433476395,1
556,LP002794,2433.82711,0,0,0.7083333333333334,1,2667,1625.0,84.0,360.0,1.0,0.6584158415841584,1
557,LP002795,1323.02908,2,6,0.7083333333333334,2,10139,0.0,260.0,360.0,1.0,0.7682403433476395,1
558,LP002798,1323.02908,2,0,0.7083333333333334,1,3887,2669.0,162.0,360.0,1.0,0.7682403433476395,1
559,LP002804,2433.82711,2,0,0.7083333333333334,1,4180,2306.0,182.0,360.0,1.0,0.7682403433476395,1
560,LP002807,1323.02908,2,2,0.6119402985074627,1,3675,242.0,108.0,360.0,1.0,0.7682403433476395,1
562,LP002820,1323.02908,2,0,0.7083333333333334,1,5923,2054.0,211.0,360.0,1.0,0.6145251396648045,1
563,LP002821,1323.02908,0,0,0.6119402985074627,2,5800,0.0,132.0,360.0,1.0,0.7682403433476395,1
564,LP002832,1323.02908,2,2,0.7083333333333334,1,8799,0.0,258.0,360.0,0.0,0.6584158415841584,0
565,LP002833,1323.02908,2,0,0.6119402985074627,1,4467,0.0,120.0,360.0,1.0,0.6145251396648045,1
566,LP002836,1323.02908,0,0,0.7083333333333334,1,3333,0.0,70.0,360.0,1.0,0.6584158415841584,1
567,LP002837,1323.02908,2,6,0.7083333333333334,1,3400,2500.0,123.0,360.0,0.0,0.6145251396648045,0
568,LP002840,2433.82711,0,0,0.7083333333333334,1,2378,0.0,9.0,360.0,1.0,0.6584158415841584,0
569,LP002841,1323.02908,2,0,0.7083333333333334,1,3166,2064.0,104.0,360.0,0.0,0.6584158415841584,0
570,LP002842,1323.02908,2,1,0.7083333333333334,1,3417,1750.0,186.0,360.0,1.0,0.6584158415841584,1
571,LP002847,1323.02908,2,0,0.7083333333333334,1,5116,1451.0,165.0,360.0,0.0,0.6584158415841584,0
572,LP002855,1323.02908,2,2,0.7083333333333334,1,16666,0.0,275.0,360.0,1.0,0.6584158415841584,1
573,LP002862,1323.02908,2,2,0.6119402985074627,1,6125,1625.0,187.0,480.0,1.0,0.7682403433476395,0
574,LP002863,1323.02908,2,6,0.7083333333333334,1,6406,0.0,150.0,360.0,1.0,0.7682403433476395,0
576,LP002872,16.98884,2,0,0.7083333333333334,1,3087,2210.0,136.0,360.0,0.0,0.7682403433476395,0
577,LP002874,1323.02908,0,0,0.7083333333333334,1,3229,2739.0,110.0,360.0,1.0,0.6584158415841584,1
578,LP002877,1323.02908,2,1,0.7083333333333334,1,1782,2232.0,107.0,360.0,1.0,0.6145251396648045,1
579,LP002888,1323.02908,0,0,0.7083333333333334,0,3182,2917.0,161.0,360.0,1.0,0.6584158415841584,1
580,LP002892,1323.02908,2,2,0.7083333333333334,1,6540,0.0,205.0,360.0,1.0,0.7682403433476395,1
582,LP002894,2433.82711,2,0,0.7083333333333334,1,3166,0.0,36.0,360.0,1.0,0.7682403433476395,1
583,LP002898,1323.02908,2,1,0.7083333333333334,1,1880,0.0,61.0,360.0,1.0,0.6145251396648045,0
584,LP002911,1323.02908,2,1,0.7083333333333334,1,2787,1917.0,146.0,360.0,0.0,0.6145251396648045,0
586,LP002916,1323.02908,2,0,0.7083333333333334,1,2297,1522.0,104.0,360.0,1.0,0.6584158415841584,1
587,LP002917,2433.82711,0,0,0.6119402985074627,1,2165,0.0,70.0,360.0,1.0,0.7682403433476395,1
588,LP002925,16.98884,0,0,0.7083333333333334,1,4750,0.0,94.0,360.0,1.0,0.7682403433476395,1
589,LP002926,1323.02908,2,2,0.7083333333333334,2,2726,0.0,106.0,360.0,0.0,0.7682403433476395,0
590,LP002928,1323.02908,2,0,0.7083333333333334,1,3000,3416.0,56.0,180.0,1.0,0.7682403433476395,1
591,LP002931,1323.02908,2,2,0.7083333333333334,2,6000,0.0,205.0,240.0,1.0,0.7682403433476395,0
592,LP002933,16.98884,0,6,0.7083333333333334,2,9357,0.0,292.0,360.0,1.0,0.7682403433476395,1
593,LP002936,1323.02908,2,0,0.7083333333333334,1,3859,3300.0,142.0,180.0,1.0,0.6145251396648045,1
594,LP002938,1323.02908,2,0,0.7083333333333334,2,16120,0.0,260.0,360.0,1.0,0.6584158415841584,1
595,LP002940,1323.02908,0,0,0.6119402985074627,1,3833,0.0,110.0,360.0,1.0,0.6145251396648045,1
596,LP002941,1323.02908,2,2,0.6119402985074627,2,6383,1000.0,187.0,360.0,1.0,0.6145251396648045,0
597,LP002943,1323.02908,0,0,0.7083333333333334,1,2987,0.0,88.0,360.0,0.0,0.7682403433476395,0
598,LP002945,1323.02908,2,0,0.7083333333333334,2,9963,0.0,180.0,360.0,1.0,0.6145251396648045,1
599,LP002948,1323.02908,2,2,0.7083333333333334,1,5780,0.0,192.0,360.0,1.0,0.6584158415841584,1
601,LP002950,1323.02908,2,0,0.6119402985074627,0,2894,2792.0,155.0,360.0,1.0,0.6145251396648045,1
602,LP002953,1323.02908,2,6,0.7083333333333334,1,5703,0.0,128.0,360.0,1.0,0.6584158415841584,1
603,LP002958,1323.02908,0,0,0.7083333333333334,1,3676,4301.0,172.0,360.0,1.0,0.6145251396648045,1
605,LP002960,1323.02908,2,0,0.6119402985074627,1,2400,3800.0,128.0,180.0,1.0,0.6584158415841584,0
606,LP002961,1323.02908,2,1,0.7083333333333334,1,3400,2500.0,173.0,360.0,1.0,0.7682403433476395,1
607,LP002964,1323.02908,2,2,0.6119402985074627,1,3987,1411.0,157.0,360.0,1.0,0.6145251396648045,1
608,LP002974,1323.02908,2,0,0.7083333333333334,1,3232,1950.0,108.0,360.0,1.0,0.6145251396648045,1
609,LP002978,2433.82711,0,0,0.7083333333333334,1,2900,0.0,71.0,360.0,1.0,0.6145251396648045,1
610,LP002979,1323.02908,2,6,0.7083333333333334,1,4106,0.0,40.0,180.0,1.0,0.6145251396648045,1
611,LP002983,1323.02908,2,1,0.7083333333333334,1,8072,240.0,253.0,360.0,1.0,0.6584158415841584,1
612,LP002984,1323.02908,2,2,0.7083333333333334,1,7583,0.0,187.0,360.0,1.0,0.6584158415841584,1
613,LP002990,2433.82711,0,0,0.7083333333333334,2,4583,0.0,133.0,360.0,0.0,0.7682403433476395,0
