,Gender,Married,Dependents,Education,Self_Employed,Credit_History,Property_Area,total_income_to_loan_amt,income_to_loan_amt,EMI,Loan_Status
0,3.121569390026305,0,0,0.7083333333333334,1,1.0,0.6584158415841584,0.10519356741926475,0.13492419593469962,0.9347279999999998,1
1,3.121569390026305,2,1,0.7083333333333334,1,1.0,0.6145251396648045,0.11111176112248311,0.10499241328872373,0.9347279999999998,0
2,3.121569390026305,2,0,0.7083333333333334,2,1.0,0.6584158415841584,0.10443989812347546,0.13419556787804401,0.48196912499999994,1
3,3.121569390026305,2,0,0.6119402985074627,1,1.0,0.6584158415841584,0.09104370429247902,0.06177810655861731,0.8763074999999998,1
4,3.121569390026305,0,0,0.7083333333333334,1,1.0,0.6584158415841584,0.09535783543650259,0.1254152636743238,1.0296613124999998,1
5,3.121569390026305,2,2,0.7083333333333334,2,1.0,0.6584158415841584,0.07485620709199382,0.058035779222238945,1.9497841874999997,1
6,3.121569390026305,2,0,0.6119402985074627,1,1.0,0.6584158415841584,0.08898018794950388,0.07095648972967901,0.6937434374999999,1
7,3.121569390026305,2,6,0.7083333333333334,1,0.0,0.7682403433476395,0.07191231816585385,0.05478797856748078,1.1538048749999998,0
8,3.121569390026305,2,2,0.7083333333333334,1,1.0,0.6584158415841584,0.06523003862876012,0.06879979248378178,1.2268305,1
9,3.121569390026305,2,2,0.7083333333333334,1,1.0,0.6584158415841584,0.13655580170131387,0.13498161415913898,0.5111793749999999,1
10,3.121569390026305,2,2,0.7083333333333334,0,1.0,0.6584158415841584,0.08679125618521843,0.066047518737243,0.7959793124999998,1
11,3.121569390026305,2,2,0.7083333333333334,1,1.0,0.6584158415841584,0.13712148878775138,0.0431362329561694,1.4605124999999997,1
12,3.121569390026305,0,0,0.7083333333333334,1,1.0,0.6145251396648045,0.09101761859020588,0.04582776229735218,0.8324921249999998,0
13,3.121569390026305,2,2,0.7083333333333334,1,1.0,0.6584158415841584,0.4013147193945661,0.22788072508042873,0.1241435625,1
14,3.121569390026305,0,0,0.7083333333333334,1,1.0,0.6584158415841584,0.0861135065628558,0.11647808470216377,0.9128203124999998,1
15,3.121569390026305,0,1,0.6119402985074627,1,1.0,0.6584158415841584,0.07471927180994878,0.1054624321188991,0.73025625,1
16,3.386289724329626,0,0,0.7083333333333334,1,0.0,0.6584158415841584,0.1067239572220326,0.13640373736506733,0.5549947499999999,0
17,3.121569390026305,2,0,0.6119402985074627,1,1.0,0.6145251396648045,0.07717454440646049,0.10783612640437824,0.9712408124999998,0
18,3.121569390026305,2,0,0.7083333333333334,0,1.0,0.6584158415841584,0.12819541513427063,0.06505767106695311,0.8397946874999999,1
19,3.121569390026305,2,0,0.6119402985074627,1,0.0,0.6584158415841584,0.19271172560579616,0.21953449633807406,0.7594664999999998,0
20,3.121569390026305,2,1,0.7083333333333334,1,1.0,0.6584158415841584,0.07722946167440395,0.05384853717878819,2.3003071874999996,1
21,3.121569390026305,2,0,0.6119402985074627,1,0.0,0.7682403433476395,0.08388452827896484,0.0644678417360865,0.8470972499999998,0
22,1.2301637262029037,2,2,0.6119402985074627,1,0.0,0.6145251396648045,0.10978069158238499,0.08756091585745748,0.8178869999999998,0
23,3.121569390026305,2,1,0.7083333333333334,0,1.0,0.7682403433476395,0.09984529664422834,0.07113201175460779,1.1026869374999997,0
24,3.121569390026305,2,0,0.7083333333333334,2,1.0,0.7682403433476395,0.11883235222867419,0.14810982168109135,1.3947894374999998,1
25,3.121569390026305,2,0,0.7083333333333334,1,1.0,0.7682403433476395,0.09177880793522533,0.06606822796529094,0.8909126249999999,1
26,3.121569390026305,2,2,0.6119402985074627,1,1.0,0.6584158415841584,0.11200949463764448,0.11290157412318173,0.8032818749999999,1
27,3.121569390026305,0,0,0.6119402985074627,1,1.0,0.6584158415841584,0.09112196139929846,0.1213201297937087,0.25558968749999994,0
28,3.386289724329626,0,2,0.7083333333333334,0,1.0,0.7682403433476395,0.11431215072011883,0.09120866188066375,0.8763074999999998,1
29,3.121569390026305,2,1,0.7083333333333334,0,1.0,0.6584158415841584,0.07950097570603507,0.05936122444319366,1.4678150624999997,0
30,3.121569390026305,0,0,0.7083333333333334,1,1.0,0.6584158415841584,0.09612195600797682,0.1261539957550314,0.540389625,0
31,3.121569390026305,0,1,0.7083333333333334,2,1.0,0.6145251396648045,0.1007136249068254,0.13059310294072393,0.7740716249999999,0
32,3.121569390026305,2,0,0.7083333333333334,1,1.0,0.7682403433476395,0.10403301109280355,0.08954951814041398,0.8324921249999998,1
33,3.121569390026305,0,6,0.7083333333333334,1,1.0,0.6145251396648045,0.11377739382351948,0.1148514601792229,2.33682,0
34,3.121569390026305,2,0,0.7083333333333334,1,1.0,0.6584158415841584,0.06833936117649585,0.05042483481564922,0.9347279999999998,1
35,3.121569390026305,2,0,0.7083333333333334,1,0.0,0.6584158415841584,0.061008626695187015,0.051957833857327794,0.7302562499999998,0
36,3.386289724329626,2,0,0.7083333333333334,1,1.0,0.7682403433476395,0.07358367423765813,0.07370248322937506,1.051569,1
37,3.121569390026305,0,0,0.7083333333333334,1,1.0,0.6584158415841584,0.1556874770082221,0.06515635405115577,1.3436714999999997,1
38,3.121569390026305,0,0,0.6119402985074627,1,1.0,0.7682403433476395,0.11627806410052172,0.09975101984046315,0.8032818749999999,1
39,3.121569390026305,0,0,0.7083333333333334,1,1.0,0.6584158415841584,0.10301704163584971,0.13281998688612787,0.584205,0
40,3.121569390026305,0,0,0.7083333333333334,1,1.0,0.6584158415841584,0.16282545178379515,0.11253748417553414,0.3432204375,1
41,3.121569390026305,2,0,0.7083333333333334,1,1.0,0.6584158415841584,0.06232334608975322,0.09347837051732542,0.5476921874999999,1
42,3.121569390026305,2,0,0.7083333333333334,1,1.0,0.7682403433476395,0.10878704324313207,0.08564166507531942,0.9785433749999998,1
43,3.121569390026305,2,0,0.6119402985074627,2,1.0,0.6584158415841584,0.11524471457638352,0.14464138603540744,0.701046,1
44,3.386289724329626,0,0,0.7083333333333334,1,1.0,0.6584158415841584,0.08345276493099564,0.11390574824728053,0.6426254999999998,1
45,3.121569390026305,2,1,0.7083333333333334,1,1.0,0.6584158415841584,0.36404006429079383,0.38517031985314903,0.3213127499999999,1
46,3.121569390026305,2,0,0.7083333333333334,1,1.0,0.6584158415841584,0.08869164347085101,0.11897056103834966,1.051569,1
47,3.386289724329626,2,0,0.7083333333333334,1,0.0,0.6584158415841584,0.1208857476929498,0.0633416836194287,0.8763074999999998,0
48,3.386289724329626,0,0,0.7083333333333334,1,1.0,0.7682403433476395,0.09856073416418851,0.08070075152574857,1.051569,1
49,3.386289724329626,2,0,0.6119402985074627,1,1.0,0.7682403433476395,0.07396800358448237,0.05498411203954336,0.7302562499999998,1
50,3.386289724329626,0,0,0.7083333333333334,1,1.0,0.7682403433476395,0.04265472657580657,0.07446325593907091,0.8763074999999998,1
51,3.386289724329626,0,0,0.7083333333333334,1,1.0,0.7682403433476395,0.08037837859166143,0.11093351074689024,0.8178869999999998,0
52,3.121569390026305,2,2,0.7083333333333334,1,1.0,0.6584158415841584,0.06998553445893786,0.1008859768140919,0.9785433749999998,0
53,3.386289724329626,2,1,0.7083333333333334,2,0.0,0.6584158415841584,0.08802232326625525,0.11832347950978052,2.0885328749999994,0
54,3.121569390026305,2,2,0.7083333333333334,1,1.0,0.7682403433476395,0.08720426541254497,0.08112366783529072,0.7083485624999998,1
55,3.121569390026305,2,0,0.7083333333333334,1,1.0,0.7682403433476395,0.0835505863145199,0.06384606331646461,0.701046,1
56,3.121569390026305,2,0,0.7083333333333334,1,1.0,0.6145251396648045,0.09121471056293626,0.07209267136300206,0.9858459374999997,0
57,3.121569390026305,2,1,0.7083333333333334,1,1.0,0.6584158415841584,0.14179778568191603,0.13248373375477054,1.3144612499999997,1
58,3.121569390026305,2,2,0.6119402985074627,1,1.0,0.6584158415841584,0.09727818713575917,0.06718757880932764,1.051569,1
59,3.121569390026305,2,0,0.7083333333333334,1,1.0,0.6584158415841584,0.12638983087258207,0.05968493081591821,0.8763074999999998,1
60,3.121569390026305,2,6,0.7083333333333334,1,1.0,0.6584158415841584,0.057928300494642565,0.08922935367562881,0.7229536875,1
61,3.121569390026305,2,0,0.6119402985074627,2,0.0,0.6145251396648045,0.07708311072139103,0.044489346125217606,1.2049228125,0
62,3.121569390026305,2,1,0.7083333333333334,1,0.0,0.6145251396648045,0.08308593474277962,0.11355110627280214,0.9347279999999998,0
63,3.386289724329626,0,0,0.7083333333333334,1,0.0,0.7682403433476395,0.0745746310883791,0.10532259719599672,0.8470972499999998,0
64,3.121569390026305,2,0,0.7083333333333334,1,1.0,0.7682403433476395,0.08737775315674465,0.06380207671497892,1.8840611249999997,0
65,3.121569390026305,0,0,0.6119402985074627,1,0.0,0.6584158415841584,0.09765084002537544,0.07349532728237815,0.9201228749999999,0
66,3.121569390026305,2,1,0.7083333333333334,1,1.0,0.6584158415841584,0.0700085952979164,0.10090827143904699,2.2783994999999995,1
67,3.121569390026305,2,6,0.6119402985074627,2,1.0,0.6584158415841584,0.13995439605461424,0.16853006943627158,0.9128203125,1
68,3.386289724329626,0,0,0.7083333333333334,1,0.0,0.7682403433476395,0.06112647269133861,0.09232126415353711,0.9931484999999999,0
69,3.121569390026305,2,0,0.7083333333333334,1,1.0,0.6584158415841584,0.07633682800857894,0.05308107571286641,1.2560407499999997,1
70,3.121569390026305,2,2,0.6119402985074627,2,1.0,0.7682403433476395,0.08317039392700804,0.05513511396121267,0.7083485624999998,1
71,3.121569390026305,0,0,0.7083333333333334,1,1.0,0.7682403433476395,0.097413446332731,0.12740257532537158,0.5915075624999999,1
72,3.121569390026305,2,6,0.6119402985074627,1,0.0,0.7682403433476395,0.11883321480356335,0.14811065559626968,0.6937434374999999,0
73,3.121569390026305,2,6,0.7083333333333334,2,1.0,0.7682403433476395,0.08000024551249198,0.08185875696208061,1.3655791874999998,1
74,3.121569390026305,0,0,0.7083333333333334,1,1.0,0.6584158415841584,0.06603536460791315,0.09706705437942176,0.8251895625,0
75,3.121569390026305,0,0,0.7083333333333334,1,1.0,0.6584158415841584,0.11333275117113642,0.061117827682497565,1.2852509999999997,0
76,3.121569390026305,2,1,0.7083333333333334,2,1.0,0.6584158415841584,0.07660882522551576,0.024149088524750523,0.8032818749999999,0
77,3.121569390026305,2,6,0.7083333333333334,1,0.0,0.7682403433476395,0.08679173482195741,0.04988315203685334,1.3144612499999997,0
78,3.121569390026305,2,6,0.6119402985074627,2,1.0,0.7682403433476395,0.09456527409935275,0.07422658546584636,0.9493331249999999,1
79,3.386289724329626,0,0,0.7083333333333334,1,1.0,0.7682403433476395,0.07061436929872922,0.10149391813508557,0.8105844374999998,1
80,3.121569390026305,2,1,0.7083333333333334,2,1.0,0.7682403433476395,0.020724802746057217,0.05326197061147631,0.9347279999999998,1
81,3.386289724329626,2,2,0.7083333333333334,1,1.0,0.6584158415841584,0.02324165322305069,0.021608794046265815,1.2195279374999999,0
82,3.121569390026305,2,0,0.7083333333333334,1,1.0,0.7682403433476395,0.059606495588852726,0.06515697469885516,1.9351790624999998,0
83,3.121569390026305,2,1,0.7083333333333334,1,1.0,0.6584158415841584,0.21182572295756621,0.23801341649994112,0.365128125,1
84,3.121569390026305,0,0,0.7083333333333334,1,1.0,0.7682403433476395,0.07486749997698319,0.0492858082387951,0.9931484999999999,1
85,3.121569390026305,2,2,0.6119402985074627,1,1.0,0.7682403433476395,0.13077855266108107,0.0985221674876847,0.7229536875,1
86,3.121569390026305,2,0,0.7083333333333334,1,1.0,0.7682403433476395,0.10115091062707901,0.06938454037430146,0.7594664999999998,1
87,3.121569390026305,0,0,0.7083333333333334,1,1.0,0.6584158415841584,0.08984003545901847,0.12008079682384898,1.5335381249999998,1
88,3.121569390026305,2,0,0.7083333333333334,1,1.0,0.7682403433476395,0.13855918363589093,0.09512120724481388,1.2779484374999996,1
89,3.121569390026305,2,0,0.7083333333333334,1,1.0,0.7682403433476395,0.10213291554353876,0.06497129206805814,0.9566356874999998,1
90,3.121569390026305,2,2,0.7083333333333334,1,1.0,0.7682403433476395,0.16036118544139652,0.09724512102072139,1.3728817500000001,1
91,3.121569390026305,2,2,0.6119402985074627,1,1.0,0.6584158415841584,0.15897570369733854,0.11892152412336003,0.5915075624999999,1
92,3.121569390026305,0,0,0.7083333333333334,1,1.0,0.7682403433476395,0.06819904361816184,0.09915884349869726,0.8909126249999999,1
93,3.121569390026305,0,0,0.6119402985074627,1,1.0,0.7682403433476395,0.4154194120589598,0.43484254947124196,0.18256406249999999,1
94,3.121569390026305,0,0,0.7083333333333334,0,1.0,0.6584158415841584,0.12801040512630082,0.1569829267472553,0.9347279999999998,0
95,3.386289724329626,2,0,0.7083333333333334,1,1.0,0.7682403433476395,0.07150855979527303,0.05150808915813137,1.0004510624999998,1
96,3.121569390026305,2,0,0.7083333333333334,1,1.0,0.7682403433476395,0.14834355790565565,0.11629650801123083,0.3651281249999999,1
97,3.121569390026305,2,0,0.6119402985074627,1,1.0,0.7682403433476395,0.07615103661645356,0.10684662544398203,0.8397946875000001,1
98,3.121569390026305,2,0,0.7083333333333334,1,1.0,0.7682403433476395,0.08879933825949776,0.0372727612247263,0.9566356874999998,1
99,3.121569390026305,2,2,0.6119402985074627,1,1.0,0.6584158415841584,0.13987437374989664,0.09420649759876075,0.9712408124999999,1
100,3.121569390026305,0,0,0.7083333333333334,1,1.0,0.7682403433476395,0.14145112800490878,0.09369882786834774,1.1026869374999997,1
101,3.121569390026305,2,0,0.7083333333333334,1,1.0,0.6584158415841584,0.2959697206374732,0.3193616654617596,0.9347279999999998,1
102,3.121569390026305,2,0,0.7083333333333334,1,1.0,0.7682403433476395,0.16354402269149204,0.10662376637132431,0.9347279999999998,1
103,3.121569390026305,1,0,0.7083333333333334,1,1.0,0.6584158415841584,0.05156299390208348,0.06881420333226852,1.16841,1
104,3.121569390026305,2,1,0.7083333333333334,1,1.0,0.6584158415841584,0.08993245337564332,0.08899947880764637,0.7302562499999998,1
105,3.121569390026305,2,2,0.7083333333333334,1,1.0,0.6584158415841584,0.1366571632872895,0.1501975487146724,1.6430765624999997,1
106,3.121569390026305,0,0,0.6119402985074627,0,1.0,0.6145251396648045,0.153440704129827,0.18156828460465035,0.8763074999999998,0
107,3.121569390026305,2,2,0.7083333333333334,1,0.0,0.6584158415841584,0.06939546981713751,0.04987754781799738,1.5773534999999996,0
108,3.121569390026305,2,6,0.6119402985074627,1,1.0,0.7682403433476395,0.05622928202679442,0.06331217204141062,0.6864408750000001,1
109,3.121569390026305,0,0,0.7083333333333334,1,1.0,0.6584158415841584,0.08451153755267009,0.11492934233832403,0.9931484999999999,1
110,3.386289724329626,2,0,0.7083333333333334,0,1.0,0.7682403433476395,0.08065465111162513,0.06040702836778981,1.0150561874999997,1
111,3.121569390026305,2,0,0.6119402985074627,1,0.0,0.6145251396648045,0.12043954489090927,0.06775500596849307,1.1099894999999997,0
112,3.386289724329626,0,1,0.7083333333333334,2,1.0,0.7682403433476395,0.14437103152073505,0.17279995880899138,0.9347279999999998,1
113,3.121569390026305,0,0,0.7083333333333334,0,1.0,0.7682403433476395,0.096119805102613,0.12615191631514439,0.8617023749999999,1
114,3.121569390026305,2,1,0.7083333333333334,1,1.0,0.6145251396648045,0.20890525233334323,0.2351899807472362,1.3509740624999997,1
115,3.386289724329626,2,0,0.7083333333333334,1,1.0,0.7682403433476395,0.07293379018319097,0.05887268299212009,1.1245946249999996,1
116,3.121569390026305,2,1,0.7083333333333334,1,1.0,0.6584158415841584,0.0951729175170094,0.07546311451495978,0.6207178124999998,1
117,3.121569390026305,2,0,0.7083333333333334,1,1.0,0.6145251396648045,0.10006563075008887,0.09292499393543457,1.2779484374999996,0
118,3.386289724329626,0,0,0.7083333333333334,1,1.0,0.6584158415841584,0.08794575017580153,0.11824945061885829,1.8913636874999997,1
119,3.121569390026305,2,0,0.7083333333333334,1,1.0,0.6145251396648045,0.10708641119045936,0.09191479345651404,1.3144612499999997,1
120,3.386289724329626,0,0,0.7083333333333334,1,1.0,0.7682403433476395,0.25853525573334435,0.2831709893025652,0.3213127499999999,1
121,3.386289724329626,0,0,0.7083333333333334,1,0.0,0.7682403433476395,0.21616425126205405,0.04384299040463646,1.0004510624999998,1
122,3.121569390026305,2,2,0.7083333333333334,1,1.0,0.7682403433476395,0.07642894805967271,0.10711530306681534,0.5915075624999999,1
123,3.121569390026305,2,0,0.6119402985074627,1,1.0,0.6145251396648045,0.06403370759962088,0.06371476860151454,1.4166971249999996,1
124,3.386289724329626,0,0,0.7083333333333334,1,1.0,0.6145251396648045,0.08642316909306594,0.1167774584578238,0.6791383124999998,1
125,3.121569390026305,0,0,0.7083333333333334,1,1.0,0.6145251396648045,0.09678092843617747,0.08801688411035825,0.9347279999999998,1
126,3.121569390026305,2,1,0.7083333333333334,2,0.0,0.6584158415841584,0.24315595567271955,0.19548285949662902,1.16841,0
127,3.121569390026305,2,0,0.7083333333333334,1,1.0,0.6145251396648045,0.1109115497743359,0.09773511345494733,1.3290663749999998,0
128,3.121569390026305,0,0,0.7083333333333334,2,1.0,0.6584158415841584,0.05927011496830645,0.09052658533651824,4.7466656249999994,1
129,3.121569390026305,0,0,0.7083333333333334,1,1.0,0.6584158415841584,0.1289476397333104,0.07900131002402391,0.540389625,1
130,3.121569390026305,0,0,0.7083333333333334,1,1.0,0.7682403433476395,0.08369871583814237,0.11414352724731176,0.5111793749999999,1
131,3.121569390026305,2,0,0.7083333333333334,2,1.0,0.7682403433476395,0.39526038134227814,0.4153533179777737,0.18256406249999999,1
132,3.121569390026305,0,0,0.7083333333333334,1,1.0,0.7682403433476395,0.11237720539268187,0.14186915203883127,0.7448613749999998,1
133,3.121569390026305,2,6,0.7083333333333334,1,1.0,0.7682403433476395,0.0889847328268509,0.038379236716986745,2.1177431249999996,0
134,3.386289724329626,2,0,0.7083333333333334,1,1.0,0.6145251396648045,0.13294106867203606,0.16174976522326004,0.61341525,0
135,3.121569390026305,2,2,0.7083333333333334,2,1.0,0.6584158415841584,0.2046089948523284,0.11067313291627753,0.6426254999999998,1
136,3.121569390026305,0,0,0.7083333333333334,1,0.0,0.7682403433476395,0.15616719897816075,0.18420418957506912,1.7672201249999997,0
137,3.121569390026305,2,2,0.6119402985074627,1,1.0,0.6145251396648045,0.09877053196347829,0.09516745601437598,0.9420305624999998,0
138,3.121569390026305,2,2,0.7083333333333334,1,1.0,0.6145251396648045,0.08271249500162278,0.07911581784713477,1.3509740624999995,0
139,3.121569390026305,0,0,0.7083333333333334,1,1.0,0.6584158415841584,0.06308728451346657,0.0942169265022709,1.2268305,1
140,3.121569390026305,0,0,0.7083333333333334,2,1.0,0.7682403433476395,0.0864712533368874,0.11682394506584555,1.2779484374999996,1
141,3.121569390026305,2,0,0.7083333333333334,1,1.0,0.7682403433476395,0.08356822623613902,0.06356286651935839,0.8909126249999999,1
142,3.121569390026305,2,2,0.7083333333333334,1,1.0,0.6584158415841584,0.15896041083167634,0.18690459482711416,1.3655791874999998,1
143,3.386289724329626,2,0,0.7083333333333334,1,1.0,0.7682403433476395,0.17551442539335702,0.06714975033204995,0.7302562499999998,1
144,3.386289724329626,2,2,0.7083333333333334,1,1.0,0.6584158415841584,0.6269371922051536,0.6393324894980941,0.5111793749999999,1
145,3.121569390026305,2,1,0.7083333333333334,1,1.0,0.6584158415841584,0.2713219927021412,0.15178466349467876,0.21907687499999995,1
146,3.386289724329626,0,0,0.7083333333333334,1,1.0,0.6145251396648045,0.12445601081073338,0.13113872122934142,1.6430765624999997,0
147,3.121569390026305,2,0,0.7083333333333334,1,1.0,0.7682403433476395,0.1046447894576936,0.11429916441096856,0.9128203124999998,1
148,3.121569390026305,0,0,0.7083333333333334,1,0.0,0.6145251396648045,0.1286694559729262,0.15762008012513173,0.8617023749999999,0
149,3.121569390026305,2,0,0.7083333333333334,2,1.0,0.6145251396648045,0.0924523322152285,0.047944829709910874,1.1099894999999997,1
150,3.121569390026305,0,0,0.7083333333333334,1,1.0,0.6584158415841584,0.07974517413250197,0.11032134499047602,1.7818252499999998,0
151,3.121569390026305,2,2,0.6119402985074627,1,1.0,0.6145251396648045,0.025341669061816646,0.05772543801061934,0.8251895624999999,0
152,3.121569390026305,0,0,0.7083333333333334,1,1.0,0.6584158415841584,0.16587314983320492,0.19358765278501652,0.3651281249999999,1
153,3.121569390026305,2,1,0.7083333333333334,1,1.0,0.6145251396648045,0.07953990959002481,0.11012290051951107,1.16841,1
154,3.121569390026305,2,1,0.7083333333333334,1,1.0,0.6584158415841584,0.12181548676059936,0.15099383928520854,1.3655791874999998,1
155,3.121569390026305,0,0,0.7083333333333334,0,1.0,0.6145251396648045,0.09422615996980196,0.0717900435447805,0.8763074999999998,1
156,3.121569390026305,2,0,0.7083333333333334,1,1.0,0.7682403433476395,0.08746382526875945,0.05102740166326622,1.8621534374999997,1
157,3.121569390026305,2,0,0.6119402985074627,1,1.0,0.7682403433476395,0.05491287719909828,0.05416763453813745,0.7156511249999998,1
158,3.121569390026305,2,0,0.7083333333333334,1,1.0,0.6584158415841584,0.052454413491581,0.08393734075739488,2.0082046874999997,0
159,3.121569390026305,2,1,0.7083333333333334,1,0.0,0.7682403433476395,0.07518079471429864,0.07389509930513705,0.8836100624999998,0
160,3.121569390026305,2,2,0.7083333333333334,1,1.0,0.6145251396648045,0.07337840067335684,0.07645076732751756,1.1538048749999998,1
161,3.121569390026305,2,0,0.7083333333333334,1,1.0,0.6584158415841584,0.3512694530288569,0.3728240219237042,0.5476921874999999,1
162,3.121569390026305,2,0,0.7083333333333334,1,1.0,0.6145251396648045,0.08036547906855931,0.05827710177144431,1.3290663749999998,1
163,3.386289724329626,2,0,0.7083333333333334,1,1.0,0.6145251396648045,0.0902443638442521,0.12047169108905181,0.8178869999999998,0
164,3.121569390026305,2,0,0.7083333333333334,1,1.0,0.6145251396648045,0.10221627124048827,0.05385523989901458,0.9420305624999998,1
165,3.121569390026305,0,0,0.7083333333333334,1,0.0,0.7682403433476395,0.07330418457044592,0.10409436223589115,0.4600614375,0
166,3.121569390026305,2,2,0.7083333333333334,1,1.0,0.7682403433476395,0.08736562027196645,0.11768859597504999,1.4605124999999997,1
167,3.121569390026305,2,0,0.6119402985074627,0,1.0,0.6145251396648045,0.08041309415032567,0.05461458754571494,0.6937434374999999,1
168,3.121569390026305,2,6,0.6119402985074627,1,1.0,0.6145251396648045,0.09826364699941109,0.12822452742424495,0.5915075624999999,0
169,3.121569390026305,2,0,0.7083333333333334,1,1.0,0.7682403433476395,0.15186286788163728,0.08901177812004468,1.3655791874999998,1
170,3.121569390026305,2,0,0.6119402985074627,2,1.0,0.7682403433476395,0.14493406666785894,0.1477426689570529,0.6353229374999999,0
171,3.121569390026305,2,0,0.7083333333333334,1,1.0,0.6145251396648045,0.10952047706463572,0.08786932043821898,0.8470972499999998,1
172,3.121569390026305,2,2,0.7083333333333334,1,1.0,0.6145251396648045,0.07571228476143158,0.05791211108871272,0.7375588124999999,1
173,3.121569390026305,2,1,0.7083333333333334,1,1.0,0.7682403433476395,0.06334878404118006,0.09446973750805122,0.8470972499999998,1
174,3.121569390026305,0,0,0.6119402985074627,1,0.0,0.6584158415841584,0.0782816580686146,0.0658561647561225,0.7448613749999999,0
175,3.121569390026305,2,1,0.7083333333333334,1,0.0,0.6584158415841584,0.1995341400464632,0.10423847072075858,1.3144612499999997,0
176,3.121569390026305,0,0,0.7083333333333334,1,1.0,0.6145251396648045,0.2882177409983371,0.08317999103157692,0.4892716874999999,0
177,3.121569390026305,2,0,0.7083333333333334,1,1.0,0.7682403433476395,0.1594050391523059,0.18733445003151794,0.5330870625,1
178,3.386289724329626,2,0,0.7083333333333334,1,1.0,0.7682403433476395,0.06722166129437596,0.0982139354506072,0.7886767499999998,1
179,3.121569390026305,2,1,0.7083333333333334,2,0.0,0.6145251396648045,0.06545363036252988,0.09650464869954099,0.4819691249999999,0
180,3.121569390026305,2,0,0.7083333333333334,1,1.0,0.6145251396648045,0.20615451138199087,0.12097576020745655,0.4235486249999999,1
181,1.2301637262029037,2,0,0.7083333333333334,2,1.0,0.6145251396648045,0.07339113691135639,0.00877860853650628,1.2268305,1
182,3.121569390026305,2,0,0.7083333333333334,1,1.0,0.6145251396648045,0.11746963072505257,0.14679237764231465,1.3728817500000001,1
183,3.121569390026305,0,0,0.6119402985074627,1,1.0,0.6145251396648045,0.2807258883716076,0.304624321188991,0.350523,1
184,3.121569390026305,0,0,0.7083333333333334,1,1.0,0.7682403433476395,0.19119944005187497,0.21807245762902994,1.1976202499999997,0
185,3.121569390026305,2,0,0.6119402985074627,1,1.0,0.6584158415841584,0.080185530721285,0.11074707039459301,1.16841,0
186,3.121569390026305,0,0,0.7083333333333334,1,1.0,0.7682403433476395,0.12105736415527307,0.1502609058836334,0.5549947499999999,1
187,3.121569390026305,0,0,0.7083333333333334,1,1.0,0.6145251396648045,0.07147942758762492,0.10233023420030596,0.8763074999999998,1
188,3.121569390026305,2,1,0.7083333333333334,1,1.0,0.7682403433476395,0.06725814717860112,0.052267582330095735,1.2414356249999996,0
189,3.121569390026305,0,0,0.7083333333333334,1,1.0,0.6145251396648045,0.16441748394892333,0.13149295581157344,1.3655791874999998,1
190,3.386289724329626,0,0,0.6119402985074627,1,1.0,0.6584158415841584,0.07359236947174917,0.044730072798802936,0.8763074999999998,1
191,3.386289724329626,2,0,0.7083333333333334,1,1.0,0.7682403433476395,0.13479081208606938,0.08812212594703238,0.8251895624999999,1
192,3.121569390026305,0,0,0.7083333333333334,2,1.0,0.6584158415841584,0.3770112011746737,0.3977104807872861,0.6061126874999999,0
193,3.121569390026305,2,1,0.6119402985074627,1,1.0,0.7682403433476395,0.139537024818244,0.08406328283932142,0.6572306249999998,1
194,3.121569390026305,0,2,0.7083333333333334,1,0.0,0.7682403433476395,0.05498792089631878,0.08638667043972388,1.2122253749999998,1
195,3.121569390026305,2,6,0.6119402985074627,1,1.0,0.6584158415841584,0.059779990118122184,0.09101951949427527,0.9347279999999999,0
196,3.121569390026305,2,1,0.6119402985074627,1,1.0,0.6584158415841584,0.06842160359894034,0.07509653266979381,0.9858459374999997,1
197,3.121569390026305,2,2,0.6119402985074627,1,1.0,0.7682403433476395,0.06103589046143379,0.09223369158754322,0.9055177499999998,1
198,3.386289724329626,0,0,0.6119402985074627,1,1.0,0.7682403433476395,0.07714002498089605,0.1078027539131458,0.8763074999999998,1
199,3.386289724329626,0,0,0.7083333333333334,1,1.0,0.6584158415841584,0.08908727662199359,0.11935304897526855,0.584205,1
200,3.121569390026305,0,0,0.6119402985074627,1,1.0,0.6145251396648045,0.332438421700626,0.21535484640109798,0.40164093749999996,1
201,3.121569390026305,0,0,0.7083333333333334,1,1.0,0.6584158415841584,0.09367924448316003,0.12379244519002716,0.43085118749999995,1
202,3.121569390026305,0,0,0.7083333333333334,1,1.0,0.7682403433476395,0.046400797741613695,0.07808486102353597,0.9274254374999998,0
203,3.386289724329626,0,0,0.7083333333333334,1,1.0,0.7682403433476395,0.10842921537850095,0.1380523370142576,1.5627483749999997,0
204,3.121569390026305,2,6,0.7083333333333334,1,0.0,0.7682403433476395,0.0766052680842967,0.07773226685048502,0.9347279999999998,0
205,3.121569390026305,2,1,0.7083333333333334,2,1.0,0.6584158415841584,0.06371893116136615,0.09482758620689653,1.7526149999999996,1
206,3.121569390026305,2,6,0.6119402985074627,2,1.0,0.6145251396648045,0.09947741249663303,0.12939796463393025,0.9493331249999999,1
207,3.121569390026305,2,0,0.7083333333333334,1,1.0,0.6584158415841584,0.10367965655490463,0.06672783855628121,1.0004510624999998,1
208,3.121569390026305,2,6,0.6119402985074627,1,1.0,0.7682403433476395,0.11344088826419596,0.11314917870172664,0.7302562499999998,1
209,3.121569390026305,2,0,0.7083333333333334,1,1.0,0.6145251396648045,0.007369466634340856,0.0,0.9858459374999997,0
210,3.121569390026305,2,0,0.7083333333333334,1,1.0,0.7682403433476395,0.09362618881751975,0.08273623803846862,0.9566356874999998,1
211,3.121569390026305,2,2,0.7083333333333334,0,0.0,0.7682403433476395,0.1795351016370568,0.2067956757847307,0.5257845,0
212,3.386289724329626,2,2,0.7083333333333334,1,1.0,0.7682403433476395,0.12645720182018513,0.09869691320949243,0.9274254374999998,1
213,3.121569390026305,2,0,0.7083333333333334,1,0.0,0.6584158415841584,0.07802693885818276,0.10866019939810687,0.4381537499999999,0
214,3.121569390026305,2,2,0.7083333333333334,1,1.0,0.7682403433476395,0.11667155751537545,0.10122668620799805,0.8470972499999998,1
215,3.121569390026305,0,0,0.7083333333333334,1,1.0,0.7682403433476395,0.08740909644242167,0.05907547201533313,1.051569,1
216,3.121569390026305,2,0,0.7083333333333334,1,1.0,0.7682403433476395,0.11577071413007689,0.1276839604854534,1.2779484374999996,1
217,3.121569390026305,2,0,0.7083333333333334,1,1.0,0.7682403433476395,0.11500016111757286,0.14440495805242184,0.9347279999999998,1
218,3.121569390026305,2,0,0.7083333333333334,1,1.0,0.6145251396648045,0.021997919281630446,0.054492786875842476,1.2414356249999996,0
219,3.121569390026305,2,0,0.6119402985074627,2,1.0,0.6584158415841584,0.06955929306812823,0.10047389761969329,1.0077536249999999,0
220,3.121569390026305,2,2,0.7083333333333334,1,1.0,0.7682403433476395,0.08058333768095037,0.08670527172855724,1.5335381249999998,1
221,3.121569390026305,1,0,0.7083333333333334,1,1.0,0.7682403433476395,0.05641939220818712,0.08777058002175428,1.153804875,1
222,3.121569390026305,0,0,0.7083333333333334,2,1.0,0.6145251396648045,0.06232334608975322,0.09347837051732542,1.4605124999999997,1
223,3.121569390026305,2,1,0.7083333333333334,1,1.0,0.7682403433476395,0.09895369185868771,0.0691226509162251,0.7594664999999998,1
224,3.121569390026305,2,0,0.7083333333333334,0,1.0,0.6145251396648045,0.2391098769237109,0.26439103357007154,0.306707625,1
225,3.121569390026305,0,0,0.6119402985074627,1,1.0,0.6145251396648045,0.11311220841555444,0.07706081137880595,0.8763074999999998,1
226,3.386289724329626,0,0,0.7083333333333334,1,1.0,0.7682403433476395,0.055313745236071216,0.08670166901643556,2.0447174999999995,1
227,3.121569390026305,2,1,0.7083333333333334,1,1.0,0.7682403433476395,0.07247441080290036,0.06483680914992805,1.0223587499999998,1
228,3.121569390026305,2,1,0.7083333333333334,1,1.0,0.6145251396648045,0.08662908279601901,0.09454646869928386,1.2414356249999996,1
229,3.121569390026305,2,0,0.7083333333333334,0,1.0,0.6584158415841584,0.03268998830746757,0.06482960372568468,1.8621534374999997,0
230,3.386289724329626,0,0,0.7083333333333334,2,1.0,0.6584158415841584,0.05100813818569991,0.08253911905538225,0.8909126249999999,1
231,3.386289724329626,0,1,0.7083333333333334,1,1.0,0.6145251396648045,0.0686957105021914,0.09963900824540713,0.8178869999999998,1
232,3.121569390026305,2,1,0.7083333333333334,1,1.0,0.7682403433476395,0.07024687815521913,0.10113863716605859,0.701046,1
233,3.121569390026305,2,2,0.7083333333333334,1,1.0,0.6145251396648045,0.2443754622539888,0.14338674153903055,0.8763074999999998,1
234,3.121569390026305,2,1,0.6119402985074627,1,1.0,0.6584158415841584,0.0626140153436539,0.05089431323900631,1.0223587499999998,0
235,3.121569390026305,0,0,0.7083333333333334,1,1.0,0.6584158415841584,0.13716743328272274,0.05452724165590565,1.1318971875000001,1
236,3.121569390026305,2,2,0.7083333333333334,2,1.0,0.6145251396648045,0.18098430731889784,0.17176930793501347,0.7886767499999998,1
237,3.121569390026305,2,0,0.6119402985074627,1,1.0,0.7682403433476395,0.16124541900262196,0.08043831005737215,0.8982151874999997,1
238,3.121569390026305,0,0,0.7083333333333334,2,1.0,0.6584158415841584,0.23300209606290026,0.14921232703979553,0.8763074999999999,0
239,3.121569390026305,2,2,0.7083333333333334,1,1.0,0.6584158415841584,0.23334307345689917,0.25881583656176366,0.8178869999999998,1
240,3.121569390026305,2,1,0.6119402985074627,1,1.0,0.6584158415841584,0.11313905574417132,0.14260568932935047,1.0004510624999998,1
241,3.121569390026305,2,1,0.7083333333333334,1,1.0,0.7682403433476395,0.082402974473662,0.0675458729233806,0.8982151875,1
242,3.121569390026305,2,0,0.7083333333333334,1,1.0,0.6584158415841584,0.0900437523720087,0.05746566014896014,0.6572306249999998,1
243,3.121569390026305,2,0,0.6119402985074627,1,0.0,0.7682403433476395,0.04871206024693335,0.021751060765708603,1.4678150624999997,0
244,3.386289724329626,0,2,0.7083333333333334,1,1.0,0.6584158415841584,0.03988964213485387,0.0717900435447805,1.0077536249999999,0
245,3.121569390026305,0,0,0.6119402985074627,2,1.0,0.6145251396648045,0.1051239637425263,0.07179974315433887,0.7594664999999998,1
246,3.121569390026305,2,1,0.6119402985074627,1,1.0,0.7682403433476395,0.07168053993740817,0.025501003607128345,2.0374149375,1
247,3.121569390026305,0,0,0.7083333333333334,2,0.0,0.6584158415841584,0.22708716307246604,0.25276778358748464,1.402092,0
248,3.386289724329626,0,6,0.7083333333333334,1,1.0,0.6145251396648045,0.0,0.033225765297292265,1.8621534374999997,1
249,3.121569390026305,0,0,0.6119402985074627,1,0.0,0.6145251396648045,0.12669832265598616,0.15571443922115003,0.8397946874999999,0
250,3.121569390026305,2,6,0.7083333333333334,1,1.0,0.6584158415841584,0.1369839560851283,0.1656583246080415,0.686440875,0
251,3.121569390026305,2,0,0.7083333333333334,1,1.0,0.6145251396648045,0.13496859459119825,0.14280471391495095,2.2199789999999995,0
252,3.121569390026305,2,6,0.6119402985074627,1,1.0,0.7682403433476395,0.08274355990044467,0.11322010709662232,0.9347279999999998,0
253,3.121569390026305,2,1,0.7083333333333334,1,1.0,0.6584158415841584,0.06017008993847958,0.05242186317860084,2.409845624999999,1
254,3.121569390026305,0,0,0.7083333333333334,1,1.0,0.7682403433476395,0.061879499812269964,0.04316084969660682,0.9785433749999998,1
255,3.386289724329626,0,1,0.7083333333333334,1,1.0,0.7682403433476395,0.03245437551274244,0.06460181934637813,1.1318971875,0
256,3.386289724329626,0,0,0.7083333333333334,1,1.0,0.6145251396648045,0.14997130572749953,0.17821415961936143,0.8763074999999998,1
257,3.121569390026305,0,0,0.7083333333333334,2,1.0,0.7682403433476395,0.08849056618249557,0.11877616469678372,0.9347279999999998,1
258,3.121569390026305,0,0,0.7083333333333334,1,1.0,0.6145251396648045,0.11850262012435409,0.07870772799882955,1.1026869374999997,1
259,3.121569390026305,2,2,0.7083333333333334,1,1.0,0.7682403433476395,0.08934813364472499,0.0916222532322332,1.0953843749999999,1
260,3.121569390026305,2,6,0.7083333333333334,1,0.0,0.6584158415841584,0.0823571654355238,0.07859286470855259,1.16841,1
261,3.386289724329626,0,0,0.7083333333333334,0,1.0,0.6145251396648045,0.04140840968942329,0.07325834888504065,0.9858459374999997,0
262,3.386289724329626,0,1,0.7083333333333334,1,1.0,0.6584158415841584,0.11644248307242516,0.09334386926478251,0.6572306249999998,1
263,3.386289724329626,0,0,0.7083333333333334,1,1.0,0.6584158415841584,0.2999119223935013,0.3231728845474873,0.21907687499999995,1
264,3.121569390026305,2,0,0.7083333333333334,1,1.0,0.6584158415841584,0.21869945895184575,0.24465876735535919,0.9931484999999999,1
265,3.121569390026305,0,0,0.7083333333333334,1,1.0,0.6145251396648045,0.07867038618092019,0.06468069162465502,0.9201228749999998,1
266,3.121569390026305,2,0,0.7083333333333334,1,1.0,0.7682403433476395,0.0632206942479492,0.049496460935792456,1.0953843749999999,1
267,3.121569390026305,2,2,0.7083333333333334,1,1.0,0.7682403433476395,0.09779990118122198,0.12777618991576858,0.6572306249999998,1
268,3.121569390026305,2,1,0.7083333333333334,1,1.0,0.7682403433476395,0.08714786136603415,0.06900499043506036,0.8397946874999999,1
269,3.121569390026305,2,0,0.7083333333333334,1,1.0,0.7682403433476395,0.07204688612547973,0.05501393623032462,1.5116304374999998,1
270,3.121569390026305,2,0,0.7083333333333334,1,1.0,0.6584158415841584,0.1344372700238454,0.11401923367911362,0.584205,1
271,3.121569390026305,2,0,0.7083333333333334,1,1.0,0.7682403433476395,0.06685364282397815,0.0978581446755319,3.183917249999999,1
272,3.386289724329626,2,0,0.6119402985074627,1,1.0,0.6145251396648045,0.06565558418657998,0.09669989245323232,0.9055177499999998,1
273,3.121569390026305,0,1,0.6119402985074627,2,0.0,0.6584158415841584,0.09051571647052017,0.07426725015807088,1.1538048749999998,0
274,3.121569390026305,2,0,0.7083333333333334,1,1.0,0.7682403433476395,0.09426901505210783,0.10274634745036061,0.8178869999999998,1
275,3.121569390026305,2,2,0.7083333333333334,1,1.0,0.6584158415841584,0.09405961230414178,0.0859126750617865,0.569599875,1
276,3.386289724329626,0,0,0.7083333333333334,1,1.0,0.6584158415841584,0.1637097755913526,0.09812987216776788,0.3943383749999999,1
277,3.121569390026305,2,0,0.7083333333333334,1,1.0,0.6145251396648045,0.4675728826849246,0.4852631811227492,0.9347279999999998,0
278,3.121569390026305,0,0,0.7083333333333334,1,1.0,0.6145251396648045,0.18060588552062834,0.10401933946661562,0.6499280624999999,1
279,3.386289724329626,0,0,0.7083333333333334,2,1.0,0.7682403433476395,0.09865361507379741,0.07611548155269467,0.7229536874999999,0
280,3.121569390026305,2,0,0.7083333333333334,1,1.0,0.6145251396648045,0.11094709512688392,0.09004858857748112,0.8763074999999998,1
281,3.386289724329626,0,0,0.7083333333333334,1,1.0,0.7682403433476395,0.07440896536899526,0.10516243584692293,0.8397946874999999,1
282,3.121569390026305,0,0,0.7083333333333334,1,1.0,0.6145251396648045,0.12131330211790792,0.15050834011159106,1.3655791874999998,1
283,3.121569390026305,2,0,0.7083333333333334,1,1.0,0.6145251396648045,0.08581173815094784,0.06358570904839032,1.0150561874999997,1
284,3.121569390026305,2,2,0.7083333333333334,1,0.0,0.7682403433476395,0.07060504306339854,0.10148490177106112,0.9274254374999998,0
285,3.121569390026305,2,2,0.7083333333333334,1,1.0,0.6584158415841584,0.07225148650714186,0.06784534263064876,0.9785433749999998,1
286,3.386289724329626,0,0,0.7083333333333334,1,0.0,0.6584158415841584,0.08073292002964948,0.11127627227427155,1.0442664375,0
287,3.121569390026305,2,0,0.7083333333333334,1,1.0,0.7682403433476395,0.06619980277638943,0.03856549722258823,1.2560407499999997,1
288,3.121569390026305,2,6,0.7083333333333334,0,1.0,0.6584158415841584,0.12339234653865047,0.11812878189246317,0.8032818749999999,1
289,3.121569390026305,2,1,0.7083333333333334,1,1.0,0.7682403433476395,0.06975777123759777,0.1006657812000874,1.4605124999999997,1
290,3.386289724329626,2,1,0.7083333333333334,1,1.0,0.6584158415841584,0.07034614874442524,0.10123460941396682,0.9858459374999997,1
291,3.386289724329626,0,0,0.7083333333333334,1,1.0,0.6145251396648045,0.11848188976493174,0.09684535551475731,1.1026869375,0
292,3.121569390026305,2,1,0.7083333333333334,1,1.0,0.6584158415841584,0.09897260354889933,0.050574851509278124,0.8251895624999999,0
293,3.121569390026305,2,0,0.6119402985074627,1,0.0,0.6584158415841584,0.12149581653643449,0.055210594793825306,0.6791383124999998,0
294,3.121569390026305,2,0,0.6119402985074627,1,1.0,0.7682403433476395,0.10003581851891957,0.07949984748518683,0.7667690624999999,1
295,3.386289724329626,0,0,0.7083333333333334,1,1.0,0.6145251396648045,0.08072562332971293,0.11126921801277453,0.9639382499999999,1
296,3.121569390026305,2,1,0.7083333333333334,1,1.0,0.6584158415841584,0.07393148360129999,0.047863531666638634,0.701046,1
297,3.121569390026305,0,0,0.7083333333333334,1,1.0,0.6145251396648045,0.10748887631124496,0.08310255960687205,1.0223587499999998,1
298,3.121569390026305,0,0,0.6119402985074627,1,1.0,0.6584158415841584,0.011064941123035514,0.04392306528354545,0.9347279999999998,0
299,3.386289724329626,0,0,0.7083333333333334,1,1.0,0.6145251396648045,0.08801486441743125,0.0809697540308344,0.9858459374999997,1
300,3.386289724329626,0,0,0.7083333333333334,1,0.0,0.6584158415841584,0.09046580565750487,0.06647465750678648,0.7594664999999998,0
301,3.121569390026305,0,0,0.7083333333333334,1,1.0,0.6145251396648045,0.09410225288400453,0.12420139881302641,3.505229999999999,0
302,3.121569390026305,2,2,0.6119402985074627,1,1.0,0.6145251396648045,0.09188338189808196,0.12205625151370708,1.3509740624999995,1
303,3.386289724329626,0,0,0.7083333333333334,1,1.0,0.7682403433476395,0.07085709726196576,0.10172858127598454,0.61341525,1
304,3.121569390026305,0,0,0.6119402985074627,1,1.0,0.7682403433476395,0.11252069749103649,0.07643851588773325,0.8105844374999998,1
305,3.386289724329626,0,0,0.7083333333333334,1,1.0,0.6145251396648045,0.10229036850109802,0.13211745802239924,0.4089434999999999,1
306,3.121569390026305,2,2,0.7083333333333334,2,1.0,0.6145251396648045,0.08706128707877983,0.11739437448511238,1.051569,1
307,1.2301637262029037,2,0,0.7083333333333334,1,1.0,0.6145251396648045,0.0471247331426867,0.04370656267774229,1.1611074375,0
308,3.121569390026305,2,1,0.6119402985074627,1,1.0,0.6584158415841584,0.1042578750412747,0.08930701410400126,0.8105844375,1
309,3.121569390026305,2,2,0.7083333333333334,1,1.0,0.7682403433476395,0.05911480471015715,0.09037643538055447,0.8763074999999998,1
310,3.121569390026305,2,0,0.7083333333333334,1,1.0,0.6584158415841584,0.11126960926407908,0.06741111072051402,0.6426254999999998,1
311,3.386289724329626,0,1,0.7083333333333334,1,1.0,0.7682403433476395,0.061121540520740744,0.09231649585808194,0.8178869999999998,1
312,3.121569390026305,2,1,0.7083333333333334,2,1.0,0.6145251396648045,0.164108073411007,0.19188122237775432,1.1318971875,0
313,3.121569390026305,2,0,0.7083333333333334,1,1.0,0.7682403433476395,0.08646736478499577,0.05979457857614342,0.8397946874999999,1
314,3.121569390026305,2,6,0.7083333333333334,1,1.0,0.7682403433476395,0.07653584645727947,0.10260601600239497,0.9055177499999998,1
315,3.121569390026305,2,2,0.6119402985074627,1,1.0,0.6145251396648045,0.08910194982952224,0.08177518535953865,0.9347279999999998,1
316,3.386289724329626,0,0,0.7083333333333334,1,1.0,0.6145251396648045,0.10802075361733363,0.0692222923598703,0.9639382499999999,1
317,3.121569390026305,2,6,0.7083333333333334,1,1.0,0.6145251396648045,0.118668462999733,0.1479513777972057,2.1907687499999997,1
318,3.121569390026305,2,1,0.7083333333333334,2,0.0,0.6145251396648045,0.07578523350751878,0.06638674189674666,2.7457635,0
319,3.121569390026305,0,0,0.7083333333333334,1,0.0,0.6145251396648045,0.08055123220122959,0.1111006211629961,0.9493331249999999,1
320,3.121569390026305,2,0,0.7083333333333334,2,1.0,0.7682403433476395,0.09787929244900978,0.09232706903496081,1.3436714999999997,1
321,3.386289724329626,2,0,0.7083333333333334,1,1.0,0.6584158415841584,0.1552074176019623,0.11584531744588233,0.8032818749999999,0
322,3.386289724329626,0,0,0.7083333333333334,1,1.0,0.6584158415841584,0.07895590133017844,0.10955829638103802,0.4892716874999999,1
323,3.121569390026305,0,1,0.7083333333333334,1,1.0,0.6584158415841584,0.12741720622364722,0.1100323708302995,0.8543998124999999,1
324,3.121569390026305,0,0,0.7083333333333334,1,1.0,0.7682403433476395,0.0559030691629358,0.08727141220482205,0.7156511249999998,1
325,3.121569390026305,0,0,0.7083333333333334,1,1.0,0.6584158415841584,0.0870570006957772,0.11739023052046536,0.5184819374999998,1
326,1.2301637262029037,2,1,0.7083333333333334,2,1.0,0.6584158415841584,0.16280203137305657,0.16013963003656842,1.329066375,1
327,3.121569390026305,2,0,0.7083333333333334,2,1.0,0.7682403433476395,0.40902468847314466,0.23454616635403128,0.5111793749999999,1
328,3.121569390026305,2,1,0.7083333333333334,0,1.0,0.6145251396648045,0.07832692443432386,0.09593722154037558,1.16841,1
329,3.121569390026305,2,2,0.7083333333333334,2,1.0,0.6145251396648045,0.08843276263768576,0.039624374683807424,1.2852509999999997,1
330,3.386289724329626,0,6,0.6119402985074627,1,0.0,0.6584158415841584,0.006907532323254022,0.039903789572790394,0.9347279999999998,0
331,3.386289724329626,0,0,0.7083333333333334,1,1.0,0.7682403433476395,0.1455624546390817,0.1739517959824381,0.5184819374999998,1
332,3.121569390026305,2,6,0.6119402985074627,1,1.0,0.6145251396648045,0.03876479046457863,0.042941274168072335,1.2633433124999998,0
333,3.386289724329626,0,0,0.7083333333333334,1,1.0,0.6145251396648045,0.12397633633183255,0.15308289297574518,0.3359178749999999,0
334,3.121569390026305,2,1,0.6119402985074627,1,1.0,0.6584158415841584,0.07672661612968125,0.08386323350800759,1.1538048749999998,1
335,3.121569390026305,2,6,0.6119402985074627,1,1.0,0.7682403433476395,0.09637576284090466,0.1263993696616975,0.540389625,1
336,3.121569390026305,2,2,0.7083333333333334,0,1.0,0.6145251396648045,0.0851869424181139,0.05917248104372972,0.9128203124999998,1
337,3.121569390026305,2,0,0.7083333333333334,1,1.0,0.7682403433476395,0.059134368986862,0.0439041510449066,1.16841,1
338,3.121569390026305,2,0,0.6119402985074627,1,0.0,0.6145251396648045,0.10122536576919466,0.06677942944922621,1.1099894999999997,0
339,3.121569390026305,2,2,0.6119402985074627,1,1.0,0.6584158415841584,0.09260760425256864,0.07068521182746369,0.9201228749999998,1
340,3.121569390026305,2,0,0.7083333333333334,1,1.0,0.7682403433476395,0.09408545832472251,0.07063522825388356,1.8913636874999997,1
341,3.121569390026305,2,0,0.7083333333333334,1,1.0,0.6145251396648045,0.1107172061571185,0.03911864637795589,1.3655791874999998,1
342,3.121569390026305,2,0,0.7083333333333334,1,1.0,0.7682403433476395,0.08685763554348955,0.11719748942793608,1.6649842499999996,1
343,3.121569390026305,0,0,0.7083333333333334,1,1.0,0.6145251396648045,0.09343308686562768,0.0826112806811877,2.2491892499999993,0
344,3.121569390026305,2,6,0.7083333333333334,1,1.0,0.6145251396648045,0.1186355126389669,0.08156439114733992,0.6937434374999999,1
345,3.386289724329626,2,0,0.7083333333333334,2,0.0,0.6145251396648045,0.12612152079205835,0.1551568020405761,0.7667690624999999,0
346,3.386289724329626,2,0,0.7083333333333334,1,1.0,0.7682403433476395,0.03265788282774679,0.05304263819033737,0.9493331249999999,1
347,3.386289724329626,0,0,0.7083333333333334,1,1.0,0.6584158415841584,0.06504885222380875,0.0961133196242545,0.84709725,1
348,3.121569390026305,2,2,0.7083333333333334,1,1.0,0.6145251396648045,0.18032557746351557,0.1494736874282596,1.2049228124999996,1
349,3.121569390026305,2,1,0.7083333333333334,1,1.0,0.6584158415841584,0.1431968099132814,0.17166475161307398,0.4892716874999999,0
350,3.121569390026305,2,0,0.6119402985074627,1,0.0,0.6584158415841584,0.10821331352865896,0.08742581415289429,0.7302562499999999,0
351,3.121569390026305,2,6,0.7083333333333334,1,1.0,0.7682403433476395,0.09259319500750346,0.07482136552396643,1.4605124999999997,1
352,3.386289724329626,0,1,0.7083333333333334,1,1.0,0.7682403433476395,0.14467687430317358,0.17309563973092273,0.5915075624999999,0
353,3.121569390026305,2,2,0.7083333333333334,1,1.0,0.7682403433476395,0.07711261288698192,0.06075353186896044,1.7234047499999998,1
354,3.121569390026305,2,0,0.7083333333333334,1,1.0,0.6584158415841584,0.13270658400764673,0.1072130176519961,0.9493331249999999,1
355,3.121569390026305,2,0,0.7083333333333334,1,1.0,0.6584158415841584,0.16137213055255975,0.09261827040237995,0.6937434374999999,1
356,3.121569390026305,0,0,0.7083333333333334,2,1.0,0.6145251396648045,0.1136067267288601,0.14305782158766564,1.0296613124999998,1
357,3.121569390026305,0,0,0.6119402985074627,1,1.0,0.6145251396648045,0.10845385116225129,0.13807615425523911,0.9712408124999998,0
358,3.121569390026305,0,0,0.7083333333333334,1,1.0,0.7682403433476395,0.04367206896445899,0.07544679634829098,0.7010460000000001,0
359,3.121569390026305,0,0,0.7083333333333334,1,0.0,0.6145251396648045,0.09150567366499363,0.1216910929257222,0.9055177499999998,0
360,3.121569390026305,2,1,0.7083333333333334,1,1.0,0.7682403433476395,0.07529166664839937,0.10601580870078994,1.2779484374999996,1
361,3.121569390026305,2,0,0.7083333333333334,1,1.0,0.6145251396648045,0.09942545231234809,0.10138916787083631,4.162460624999999,0
362,3.386289724329626,0,0,0.7083333333333334,2,1.0,0.7682403433476395,0.8590660649006691,0.8637487027507033,0.40164093749999996,1
363,3.121569390026305,2,2,0.7083333333333334,1,1.0,0.7682403433476395,0.06686730713088063,0.09787135497538028,1.1318971875,1
364,3.121569390026305,2,2,0.7083333333333334,2,1.0,0.6145251396648045,0.1038078502942354,0.07088481472010022,2.7749737499999996,1
365,3.121569390026305,0,1,0.7083333333333334,1,0.0,0.6584158415841584,0.10453988263341674,0.08011912448772515,0.8105844375,0
366,3.386289724329626,0,0,0.7083333333333334,0,1.0,0.6584158415841584,0.08232870830577128,0.07267958591955295,0.8032818749999999,1
367,3.121569390026305,2,0,0.7083333333333334,1,1.0,0.6584158415841584,0.11188618040871692,0.11811731871753053,0.8763074999999999,1
368,3.121569390026305,2,6,0.7083333333333334,1,1.0,0.6145251396648045,0.29314569254234557,0.20032926941247522,0.9493331249999999,1
369,3.121569390026305,2,0,0.7083333333333334,1,1.0,0.7682403433476395,0.06593521255834167,0.0969702299583434,0.9493331249999999,1
370,3.121569390026305,0,0,0.7083333333333334,1,1.0,0.6584158415841584,0.09746188926444327,0.12744940870360444,0.5184819374999999,0
371,3.121569390026305,2,2,0.7083333333333334,1,1.0,0.6584158415841584,0.09196473024196908,0.12213489699661287,0.9493331249999999,1
372,3.121569390026305,2,0,0.7083333333333334,0,1.0,0.7682403433476395,0.10480228188516766,0.07543891541552479,0.9347279999999998,1
373,3.121569390026305,0,0,0.7083333333333334,1,1.0,0.7682403433476395,0.06973662066818712,0.05737773449907144,2.1615585,1
374,3.386289724329626,0,0,0.7083333333333334,1,1.0,0.6584158415841584,0.08254979831384851,0.11303278338702603,1.1391997499999997,1
375,3.121569390026305,0,0,0.7083333333333334,2,1.0,0.6584158415841584,0.13742571329051184,0.16608540409220057,0.9347279999999998,1
376,3.121569390026305,2,2,0.7083333333333334,1,1.0,0.6584158415841584,0.10508302925588231,0.1348173304863901,0.7302562499999998,0
377,3.121569390026305,0,1,0.7083333333333334,0,1.0,0.6584158415841584,0.06373612925711261,0.09484421288275016,0.8251895625,1
378,3.121569390026305,0,0,0.6119402985074627,1,1.0,0.7682403433476395,0.055730777697087244,0.050422685470349345,0.9639382499999999,1
379,3.121569390026305,2,0,0.6119402985074627,1,0.0,0.6584158415841584,0.11245680514594181,0.06780229156509018,0.9347279999999998,0
380,3.121569390026305,2,0,0.7083333333333334,1,1.0,0.6584158415841584,0.07148403094684962,0.04855149073869868,0.9931484999999999,1
381,3.121569390026305,2,0,0.7083333333333334,1,1.0,0.6145251396648045,0.09958625007288652,0.1295031859984196,0.9128203124999998,1
382,3.121569390026305,0,6,0.7083333333333334,1,1.0,0.6145251396648045,0.11726406519086563,0.1465936421803198,1.3509740624999995,1
383,3.121569390026305,2,6,0.7083333333333334,1,1.0,0.6145251396648045,0.07033687382806146,0.1012256426637973,2.0082046874999997,1
384,3.121569390026305,2,0,0.7083333333333334,1,1.0,0.6584158415841584,0.08470487864010628,0.06177810655861731,0.8763074999999998,1
385,3.121569390026305,2,2,0.6119402985074627,1,1.0,0.7682403433476395,0.06237874935121829,0.05001244582939735,0.8251895625,1
386,3.121569390026305,2,2,0.7083333333333334,1,1.0,0.6584158415841584,0.08681158765731573,0.07965925952596936,0.8251895624999999,1
387,3.121569390026305,2,2,0.7083333333333334,1,1.0,0.7682403433476395,0.04933846318045747,0.07007515257485833,0.9858459374999997,1
388,3.386289724329626,0,0,0.7083333333333334,1,0.0,0.6584158415841584,0.10235571397258705,0.13218063234058935,0.5184819374999998,0
389,3.121569390026305,2,0,0.7083333333333334,1,1.0,0.6584158415841584,0.11016726992208692,0.09325538159863585,0.6937434374999999,1
390,3.121569390026305,0,0,0.6119402985074627,1,1.0,0.6145251396648045,0.12205721111154624,0.10497267480574053,0.7959793124999998,1
391,3.386289724329626,0,0,0.7083333333333334,1,0.0,0.7682403433476395,0.062444910527530956,0.04070948104878984,0.7521639374999999,0
392,3.121569390026305,2,2,0.6119402985074627,1,0.0,0.6584158415841584,0.16311849967316147,0.19092452798466683,0.3286153125,0
393,3.121569390026305,0,0,0.6119402985074627,1,1.0,0.6145251396648045,0.09483014430704925,0.12490510548648714,0.47466656249999983,0
394,3.386289724329626,0,0,0.6119402985074627,1,1.0,0.7682403433476395,0.07809289138845825,0.10872396060509065,0.38703581249999996,1
395,3.386289724329626,0,0,0.7083333333333334,2,1.0,0.6145251396648045,0.08221840025642134,0.11271239628367491,1.4166971249999996,0
396,3.386289724329626,0,0,0.7083333333333334,1,1.0,0.7682403433476395,0.08592296752016503,0.11629387646498542,0.8397946874999999,1
397,3.121569390026305,2,0,0.6119402985074627,1,1.0,0.6584158415841584,0.08646736478499577,0.05366307582435012,0.8397946874999999,1
398,3.386289724329626,0,0,0.6119402985074627,1,1.0,0.6145251396648045,0.06711362959809325,0.09810949319010986,0.48196912499999994,1
399,3.121569390026305,2,1,0.7083333333333334,1,0.0,0.7682403433476395,0.13308424583488865,0.16188818521530374,1.1099894999999997,0
400,3.386289724329626,0,1,0.6119402985074627,2,1.0,0.7682403433476395,0.15739310876134094,0.1853893675675177,0.4527588749999999,0
401,3.121569390026305,2,0,0.7083333333333334,0,1.0,0.6584158415841584,0.08454836442646747,0.11496494561105598,1.16841,1
402,3.121569390026305,2,0,0.6119402985074627,1,0.0,0.6145251396648045,0.049687336181297004,0.08126220170838183,1.5919586249999995,0
403,3.121569390026305,2,0,0.6119402985074627,1,1.0,0.6145251396648045,0.08412150748017973,0.05862114818216971,0.8032818749999999,1
404,3.386289724329626,2,0,0.6119402985074627,1,0.0,0.7682403433476395,0.05687172741244556,0.03317382718969267,1.2998561249999998,0
405,3.386289724329626,0,0,0.7083333333333334,1,1.0,0.6584158415841584,0.11840760597700159,0.14769918794868775,0.4381537499999999,1
406,3.386289724329626,0,1,0.7083333333333334,1,1.0,0.6584158415841584,0.013021368793520921,0.04581448914743018,1.16841,0
407,3.121569390026305,2,0,0.7083333333333334,1,1.0,0.6145251396648045,0.06830442496809433,0.024333318121882146,0.8178869999999998,1
408,3.121569390026305,2,0,0.7083333333333334,1,1.0,0.7682403433476395,0.06792610127363606,0.06782079462462819,1.0077536249999999,1
409,3.121569390026305,2,0,0.7083333333333334,1,1.0,0.6145251396648045,0.094374735056662,0.12446482755696747,1.0077536249999999,1
410,3.386289724329626,0,0,0.6119402985074627,1,0.0,0.6584158415841584,0.06858391463530653,0.09953092688175656,0.584205,0
411,3.121569390026305,2,0,0.7083333333333334,1,1.0,0.6584158415841584,0.07293500977446608,0.051715731602750545,0.7302562499999998,1
412,3.121569390026305,2,1,0.7083333333333334,1,0.0,0.6584158415841584,0.21590647536407684,0.1960967125142716,0.8032818749999999,0
413,3.121569390026305,2,0,0.7083333333333334,1,1.0,0.7682403433476395,0.44734831164128164,0.46571058692984074,0.701046,1
414,3.121569390026305,2,0,0.7083333333333334,1,1.0,0.6145251396648045,0.14236549104819096,0.06331563094912725,0.8836100624999998,1
415,3.386289724329626,0,1,0.6119402985074627,1,1.0,0.6145251396648045,0.14015535257582953,0.16872434902327801,0.5915075624999999,0
416,3.121569390026305,2,2,0.7083333333333334,1,1.0,0.7682403433476395,0.10184024303706149,0.13168228832138515,0.9712408124999998,1
417,3.121569390026305,2,0,0.7083333333333334,1,1.0,0.6145251396648045,0.06779666616106614,0.09820910422745552,0.6353229374999999,1
418,3.121569390026305,0,0,0.6119402985074627,1,1.0,0.6584158415841584,0.10390395551313644,0.13367743237108892,0.43815374999999995,1
419,3.386289724329626,0,1,0.7083333333333334,2,1.0,0.7682403433476395,0.1421247264837394,0.17062828897594107,1.0953843749999999,1
420,3.121569390026305,0,0,0.7083333333333334,1,0.0,0.6145251396648045,0.15593375196135983,0.18397849901405774,0.7667690624999999,0
421,3.121569390026305,0,0,0.7083333333333334,0,1.0,0.7682403433476395,0.061674101944288434,0.09285069800545849,2.9575378124999996,1
422,3.121569390026305,2,0,0.7083333333333334,1,1.0,0.7682403433476395,0.06646057495377271,0.04795722107714574,1.0442664374999997,1
423,3.121569390026305,0,0,0.7083333333333334,1,1.0,0.6584158415841584,0.07953990959002481,0.11012290051951107,0.7302562499999998,1
424,3.386289724329626,1,0,0.7083333333333334,1,1.0,0.7682403433476395,0.20785710942798655,0.23417666319205094,0.9347279999999999,1
425,3.121569390026305,0,0,0.7083333333333334,1,1.0,0.7682403433476395,0.19861592332644876,0.11320970426537096,0.3651281249999999,1
426,3.121569390026305,2,0,0.7083333333333334,1,1.0,0.6584158415841584,0.04378619391190397,0.048958981321138545,0.9347279999999998,1
427,3.121569390026305,0,0,0.7083333333333334,2,0.0,0.6584158415841584,0.1365127573033689,0.1652027817664132,1.3655791874999998,0
428,3.386289724329626,2,0,0.6119402985074627,2,1.0,0.6145251396648045,0.1241578020867761,0.15325832939210549,1.0077536249999999,1
429,3.121569390026305,0,0,0.7083333333333334,1,1.0,0.7682403433476395,0.10818954345557158,0.055868367867758645,1.3655791874999998,1
430,3.121569390026305,2,0,0.7083333333333334,1,1.0,0.6145251396648045,0.1314330666453889,0.12947426822912286,1.3144612499999997,1
431,3.121569390026305,0,6,0.6119402985074627,1,1.0,0.7682403433476395,0.10386306441227586,0.0928853835762156,1.08077925,1
432,3.121569390026305,2,0,0.7083333333333334,1,1.0,0.6145251396648045,0.24237729745986633,0.12344717103035163,1.2779484374999994,1
433,3.121569390026305,2,1,0.7083333333333334,2,1.0,0.6145251396648045,0.07474816674169747,0.0773227008368823,0.9493331249999999,1
434,3.121569390026305,2,2,0.6119402985074627,1,1.0,0.6145251396648045,0.09453681696960023,0.12462152417430747,0.8032818749999999,1
435,3.121569390026305,2,0,0.7083333333333334,0,1.0,0.6145251396648045,0.24188783482812307,0.19136471390207999,0.40164093749999996,0
436,3.121569390026305,2,2,0.7083333333333334,1,0.0,0.6145251396648045,0.06754048654438097,0.06402259621042719,1.0953843749999999,0
437,3.121569390026305,0,1,0.6119402985074627,2,1.0,0.7682403433476395,0.033178751992164274,0.0407414912472425,1.3874868749999998,0
438,3.121569390026305,2,2,0.6119402985074627,1,0.0,0.6145251396648045,0.05140491454630826,0.05253887926831318,0.9128203124999998,0
439,3.121569390026305,2,2,0.6119402985074627,1,1.0,0.6584158415841584,0.1402674244818919,0.09539501336606195,0.43815374999999984,1
440,3.121569390026305,2,0,0.7083333333333334,1,0.0,0.6145251396648045,0.08150421549274038,0.0768236852192263,1.0880818124999998,0
441,3.121569390026305,2,0,0.7083333333333334,1,0.0,0.6145251396648045,0.13428510342725206,0.08012912120244119,0.657230625,1
442,3.121569390026305,0,0,0.7083333333333334,2,1.0,0.7682403433476395,0.2261788216540264,0.2518896225078239,0.61341525,1
443,3.121569390026305,2,2,0.7083333333333334,1,1.0,0.7682403433476395,0.0879851557009535,0.11828754686528016,0.701046,1
444,3.121569390026305,2,0,0.7083333333333334,1,1.0,0.6584158415841584,0.07625045832032731,0.10694274378565741,0.8617023749999999,1
445,3.121569390026305,2,0,0.7083333333333334,1,1.0,0.6584158415841584,0.07573109548933415,0.0615012808231632,1.2633433124999998,0
446,3.121569390026305,0,2,0.7083333333333334,1,1.0,0.6145251396648045,0.062369379681999945,0.09352287460824037,0.9931484999999999,1
447,3.121569390026305,2,0,0.7083333333333334,1,1.0,0.7682403433476395,0.12520293141915426,0.15426873350258072,1.16841,0
448,1.2301637262029037,2,0,0.7083333333333334,2,1.0,0.7682403433476395,0.0827875795230306,0.03603582777114612,1.16841,1
449,3.121569390026305,2,6,0.7083333333333334,1,1.0,0.6584158415841584,0.15143862648036358,0.17963272751727496,0.9347279999999999,1
450,3.121569390026305,2,0,0.7083333333333334,1,1.0,0.6145251396648045,0.06860437400963841,0.05627295051243988,1.1172920624999996,1
451,3.386289724329626,0,1,0.6119402985074627,0,1.0,0.7682403433476395,0.08525504981532159,0.11564815083704102,0.9639382499999999,1
452,3.121569390026305,0,0,0.7083333333333334,1,0.0,0.7682403433476395,0.0952232726301609,0.12528517182020335,0.7156511249999998,0
453,3.121569390026305,0,0,0.7083333333333334,1,1.0,0.6145251396648045,0.0963092896227569,0.12633510506709447,1.0223587499999998,1
454,3.121569390026305,2,6,0.6119402985074627,1,0.0,0.6584158415841584,0.16835054624337387,0.1240437801577027,0.5111793749999999,0
455,1.2301637262029037,2,0,0.7083333333333334,1,1.0,0.7682403433476395,0.43716065918988123,0.455861427027721,0.8032818749999999,1
456,3.386289724329626,2,2,0.6119402985074627,0,1.0,0.7682403433476395,0.06203587100347781,0.00312235050546051,0.7156511249999998,1
457,3.121569390026305,2,0,0.7083333333333334,1,1.0,0.6584158415841584,0.1552074176019623,0.11584531744588233,0.8032818749999999,0
458,3.121569390026305,2,1,0.7083333333333334,2,1.0,0.7682403433476395,0.068989692226222,0.06108598552990691,1.1830151249999998,1
459,3.121569390026305,2,1,0.6119402985074627,1,0.0,0.6145251396648045,0.07719912179312546,0.0676880529113644,0.8251895625,0
460,3.121569390026305,2,6,0.7083333333333334,1,1.0,0.7682403433476395,0.10899588459685311,0.1386001782141596,0.7302562499999998,1
461,3.386289724329626,0,0,0.7083333333333334,2,1.0,0.6584158415841584,0.04630167604844476,0.07798903272448014,0.6791383124999998,1
462,3.121569390026305,0,2,0.7083333333333334,1,1.0,0.6145251396648045,0.15885976724279127,0.09997926439023294,1.1830151249999998,1
463,3.121569390026305,2,2,0.7083333333333334,2,1.0,0.6145251396648045,0.32816795509576513,0.330032448427176,1.0953843749999999,1
464,3.121569390026305,2,2,0.7083333333333334,1,1.0,0.7682403433476395,0.0771581715563904,0.08479426790748944,1.6795893749999997,1
465,1.2301637262029037,2,2,0.7083333333333334,1,0.0,0.7682403433476395,0.07467848325730349,0.06250487184934636,0.9639382499999999,0
466,3.121569390026305,2,1,0.7083333333333334,2,1.0,0.7682403433476395,0.6507075934087604,0.5831372182560426,0.6280203749999999,1
467,3.121569390026305,2,2,0.7083333333333334,1,1.0,0.6584158415841584,0.07342607311975792,0.06631279527228096,0.9347279999999998,0
468,3.386289724329626,0,0,0.6119402985074627,1,1.0,0.6145251396648045,0.050574616806214875,0.08212000175550334,1.1245946249999996,1
469,3.121569390026305,2,6,0.6119402985074627,1,1.0,0.6145251396648045,0.04789079647810157,0.07952535341171203,0.8251895624999999,1
470,3.121569390026305,2,0,0.7083333333333334,1,1.0,0.7682403433476395,0.09012907435652709,0.045885417542325856,0.9347279999999998,1
471,3.121569390026305,2,0,0.7083333333333334,1,1.0,0.7682403433476395,0.10707035845059898,0.13673862914771467,1.7087996249999997,1
472,3.121569390026305,2,2,0.7083333333333334,1,1.0,0.7682403433476395,0.06818944791800541,0.09914956662302209,1.7964303749999995,1
473,3.121569390026305,2,1,0.6119402985074627,1,1.0,0.6145251396648045,0.06715019664777523,0.04186993189847362,0.9566356874999998,1
474,3.121569390026305,0,2,0.7083333333333334,1,0.0,0.6145251396648045,0.10094322830513519,0.13081507759041003,0.584205,0
475,3.121569390026305,2,1,0.7083333333333334,1,1.0,0.6584158415841584,0.07692925250652907,0.10759898451554327,3.6512812499999994,0
476,3.121569390026305,2,2,0.7083333333333334,2,1.0,0.7682403433476395,0.09256971787545765,0.08332142436826441,1.16841,1
477,3.121569390026305,0,0,0.7083333333333334,1,1.0,0.6584158415841584,0.06378414541704899,0.09489063366902603,0.5476921874999999,0
478,3.121569390026305,0,0,0.6119402985074627,1,1.0,0.7682403433476395,0.14097173844326666,0.08172001883017534,0.701046,1
479,3.121569390026305,2,1,0.6119402985074627,1,1.0,0.6584158415841584,0.07094004258255776,0.08340704688941446,1.3582766249999996,1
480,3.121569390026305,0,0,0.6119402985074627,1,1.0,0.6145251396648045,0.06718951527743329,0.09818285750967873,0.8032818749999999,1
481,3.386289724329626,0,0,0.6119402985074627,2,1.0,0.7682403433476395,0.20232357114287086,0.22882698095126008,1.6430765624999997,1
482,3.121569390026305,2,0,0.7083333333333334,1,0.0,0.6145251396648045,0.11351270066810085,0.08811244869843898,0.8690049374999997,0
483,3.386289724329626,2,1,0.7083333333333334,1,1.0,0.7682403433476395,0.08852829728756922,0.09249843282022706,0.7667690625000001,1
484,3.121569390026305,2,0,0.6119402985074627,1,1.0,0.6145251396648045,0.08795072013603686,0.07017320021689896,0.7813741874999999,1
485,3.121569390026305,2,0,0.7083333333333334,1,1.0,0.6584158415841584,0.17315232980157527,0.12273239294540927,0.8105844375,1
486,3.121569390026305,2,1,0.7083333333333334,2,1.0,0.7682403433476395,0.05754554377867306,0.08885931434447007,0.6937434374999999,1
487,3.121569390026305,0,0,0.7083333333333334,1,0.0,0.6145251396648045,0.12239784474098364,0.08761405155178807,1.5262355624999997,0
488,3.386289724329626,0,0,0.7083333333333334,1,1.0,0.6145251396648045,0.08204690717131939,0.01391135742562222,0.8251895625,1
489,3.386289724329626,0,0,0.7083333333333334,1,1.0,0.7682403433476395,0.06103992953791479,0.09223759646261703,0.7302562499999998,1
490,3.121569390026305,2,2,0.7083333333333334,1,1.0,0.7682403433476395,0.12000786348183454,0.06742036943872884,1.5189329999999996,1
491,3.121569390026305,2,1,0.6119402985074627,1,1.0,0.6145251396648045,0.17428771688993847,0.08545215446884065,1.0077536249999999,0
492,3.121569390026305,2,0,0.6119402985074627,1,1.0,0.7682403433476395,0.0958729251100772,0.08971992825876737,0.9055177499999998,1
493,3.121569390026305,2,2,0.7083333333333334,1,1.0,0.6145251396648045,0.06425562033220794,0.040350375762874285,1.7745226874999998,1
494,3.121569390026305,2,0,0.7083333333333334,1,1.0,0.6584158415841584,0.1414934524887294,0.12798424654079588,3.505229999999999,1
495,1.2301637262029037,0,0,0.7083333333333334,1,1.0,0.6584158415841584,0.07898558841672061,0.10958699709141038,0.701046,0
496,3.121569390026305,2,0,0.7083333333333334,2,1.0,0.6584158415841584,0.05359851120180127,0.03654248790830162,1.37288175,1
497,3.386289724329626,0,1,0.7083333333333334,1,1.0,0.6584158415841584,1.0,0.9999999999999999,0.2921025,1
498,3.121569390026305,0,0,0.6119402985074627,1,1.0,0.6145251396648045,0.11506863608603984,0.10552295768254338,0.7302562499999998,0
499,3.121569390026305,2,1,0.7083333333333334,1,1.0,0.7682403433476395,0.06318730454903959,0.0700549773869769,1.8256406249999997,1
500,3.121569390026305,2,2,0.7083333333333334,1,1.0,0.6584158415841584,0.07463297748675331,0.0637676799851685,1.08077925,1
501,3.121569390026305,2,0,0.7083333333333334,1,1.0,0.7682403433476395,0.35549682740866384,0.08872279051670096,0.5111793749999999,0
502,3.121569390026305,0,0,0.7083333333333334,1,1.0,0.6145251396648045,0.05758262617824904,0.05322205913524884,2.2710969375,0
503,3.121569390026305,2,6,0.7083333333333334,1,1.0,0.6145251396648045,0.10602211453771532,0.06656466988348828,1.0953843749999999,1
504,3.386289724329626,2,2,0.7083333333333334,1,1.0,0.7682403433476395,0.06362532273418245,0.051030132297753036,0.8251895625,1
505,3.121569390026305,2,0,0.6119402985074627,1,0.0,0.7682403433476395,0.08619494485287925,0.07226981935415613,0.8982151874999997,0
506,3.121569390026305,0,0,0.7083333333333334,1,1.0,0.7682403433476395,0.07379541493809146,0.07324320234759212,1.3509740624999995,0
507,3.386289724329626,0,0,0.6119402985074627,1,1.0,0.6145251396648045,0.07418547596553844,0.1049463720499318,0.6937434374999999,0
508,3.121569390026305,2,2,0.6119402985074627,1,1.0,0.7682403433476395,0.2358106566743082,0.1440508414734612,0.3286153124999999,1
509,3.121569390026305,0,0,0.7083333333333334,1,1.0,0.7682403433476395,0.10443989812347546,0.13419556787804401,0.40164093749999996,1
510,3.121569390026305,2,6,0.7083333333333334,2,1.0,0.6145251396648045,0.1844357355707705,0.16843928109080514,0.7302562499999998,1
511,3.121569390026305,2,2,0.7083333333333334,2,1.0,0.6145251396648045,0.06071907539995519,0.04674759158694665,3.505229999999999,1
512,3.121569390026305,0,0,0.7083333333333334,1,1.0,0.7682403433476395,0.12764357493808481,0.10728576472368397,0.9347279999999998,0
513,3.121569390026305,2,2,0.7083333333333334,2,1.0,0.6145251396648045,0.09910418629487891,0.12903713915835838,2.9210249999999993,1
514,3.121569390026305,2,0,0.7083333333333334,1,1.0,0.7682403433476395,0.06957991417664457,0.1004938335760979,0.8032818749999999,1
515,3.121569390026305,2,1,0.6119402985074627,1,0.0,0.7682403433476395,0.09271237912298247,0.09597833945046004,1.1757125624999998,1
516,3.121569390026305,0,1,0.6119402985074627,1,1.0,0.7682403433476395,0.09472511840264347,0.08288639687957092,0.686440875,1
517,3.121569390026305,0,0,0.6119402985074627,1,1.0,0.7682403433476395,0.12548285107046986,0.1545393526092596,0.9493331249999999,1
518,3.121569390026305,2,0,0.7083333333333334,1,1.0,0.6145251396648045,0.05671492010102838,0.01099827950481122,1.5773534999999996,1
519,3.121569390026305,2,6,0.7083333333333334,1,1.0,0.6584158415841584,0.09616171907846885,0.12619243766707575,0.7302562499999998,1
520,3.121569390026305,0,2,0.7083333333333334,1,0.0,0.6145251396648045,0.06425843091292424,0.09534916066633141,0.8032818749999999,0
521,3.121569390026305,0,1,0.7083333333333334,1,1.0,0.7682403433476395,0.14182617828302968,0.17033966026767805,1.4313022499999997,0
522,3.386289724329626,0,0,0.6119402985074627,2,1.0,0.6584158415841584,0.41704715988080365,0.436416214125994,0.9128203124999998,1
523,3.121569390026305,0,0,0.6119402985074627,0,1.0,0.6145251396648045,0.07623572063542723,0.05788357475507561,0.9201228749999998,1
524,3.121569390026305,2,0,0.7083333333333334,1,1.0,0.6584158415841584,0.05914475496091519,0.05392192575904474,2.3660302499999997,1
525,3.121569390026305,0,2,0.7083333333333334,1,1.0,0.7682403433476395,0.06796955977803261,0.09893698443477968,0.7813741874999999,1
526,3.121569390026305,2,0,0.6119402985074627,1,1.0,0.6145251396648045,0.12592503108662434,0.13038979380040927,0.48196912499999994,0
527,3.121569390026305,2,6,0.7083333333333334,1,1.0,0.6145251396648045,0.09009714221700085,0.12032936101303428,1.1465023125,1
528,3.386289724329626,2,1,0.7083333333333334,1,1.0,0.7682403433476395,0.12879716853950315,0.09624525342677966,1.0223587499999998,1
529,3.386289724329626,0,0,0.7083333333333334,1,0.0,0.7682403433476395,0.02975574203965267,0.06199285003568867,0.7229536875,0
530,3.386289724329626,0,1,0.7083333333333334,0,1.0,0.7682403433476395,0.08248896687858807,0.11297397312275625,0.6937434374999999,1
531,3.121569390026305,2,1,0.6119402985074627,1,1.0,0.6584158415841584,0.07863506179242531,0.049573694076901084,0.9347279999999998,1
532,3.386289724329626,2,0,0.6119402985074627,1,1.0,0.7682403433476395,0.07508999567284232,0.08615003021333281,0.7448613749999998,1
533,3.121569390026305,2,0,0.7083333333333334,1,1.0,0.6145251396648045,0.05743606354774064,0.05068093970818651,1.1318971875,1
534,3.121569390026305,0,0,0.6119402985074627,1,1.0,0.7682403433476395,0.09354793171070033,0.12366549538492574,0.584205,0
535,3.121569390026305,0,0,0.7083333333333334,1,1.0,0.6145251396648045,0.05517766268086306,0.049357321709023926,1.0588715624999998,1
536,3.386289724329626,0,0,0.7083333333333334,1,0.0,0.7682403433476395,0.11410979658306797,0.14354417656096946,0.7521639374999999,0
537,3.121569390026305,2,0,0.7083333333333334,1,1.0,0.6145251396648045,0.098776929302725,0.07325732993615773,0.8032818749999999,1
538,3.121569390026305,2,2,0.7083333333333334,2,0.0,0.6145251396648045,0.12436655859002174,0.15346014980077,0.9347279999999998,0
539,3.121569390026305,2,1,0.6119402985074627,1,1.0,0.6145251396648045,0.08117841776405635,0.05555532204643655,0.9347279999999998,1
540,3.121569390026305,2,1,0.7083333333333334,1,1.0,0.6584158415841584,0.09257615675133518,0.06047661540367082,1.1538048749999998,1
541,3.121569390026305,2,0,0.6119402985074627,1,0.0,0.6584158415841584,0.044942485901131465,0.037667781720443785,1.3217638124999997,0
542,3.121569390026305,2,0,0.7083333333333334,1,0.0,0.6145251396648045,0.14852473496508,0.07901184375234038,0.9639382499999999,0
543,3.121569390026305,2,1,0.7083333333333334,1,1.0,0.7682403433476395,0.7447253175550638,0.6330870494693019,0.18986662499999996,1
544,3.386289724329626,0,0,0.7083333333333334,1,1.0,0.6584158415841584,0.12209686958420266,0.09272180097177153,0.61341525,1
545,3.121569390026305,2,6,0.7083333333333334,2,1.0,0.7682403433476395,0.0842232964442945,0.11465067826136437,1.8986662499999998,1
546,3.121569390026305,2,0,0.7083333333333334,1,1.0,0.7682403433476395,0.08883414869623202,0.069249464330081,1.1830151249999998,1
547,3.386289724329626,2,0,0.7083333333333334,1,1.0,0.7682403433476395,0.07370932514787489,0.06614209946478476,1.3290663749999998,1
548,3.121569390026305,2,2,0.6119402985074627,1,1.0,0.7682403433476395,0.07568502247632765,0.09961499016459589,0.7886767499999998,1
549,3.386289724329626,2,1,0.7083333333333334,2,1.0,0.7682403433476395,0.06380501397886751,0.09491080885690747,4.381537499999999,1
550,3.121569390026305,2,0,0.7083333333333334,1,1.0,0.6145251396648045,0.08049679743644234,0.08158839604786235,1.5408406874999998,1
551,3.121569390026305,0,0,0.6119402985074627,2,1.0,0.7682403433476395,0.09969704316472297,0.12961029790499012,0.9639382499999999,1
552,3.121569390026305,2,2,0.7083333333333334,1,0.0,0.6584158415841584,0.06891150252431803,0.09984763041245354,1.8840611249999997,0
553,3.121569390026305,2,0,0.6119402985074627,1,1.0,0.6145251396648045,0.07867908141501125,0.10929067401940179,0.8763074999999998,1
554,3.121569390026305,0,0,0.7083333333333334,1,1.0,0.6584158415841584,0.11120049909182297,0.14073154270534857,0.5111793749999999,1
555,3.121569390026305,2,6,0.7083333333333334,1,0.0,0.6145251396648045,0.11230609659165036,0.0802906867314104,0.8982151874999997,0
556,3.386289724329626,0,0,0.7083333333333334,1,1.0,0.6584158415841584,0.7892449161012206,0.7962474150540526,0.0657230625,0
557,3.121569390026305,2,0,0.7083333333333334,1,0.0,0.6584158415841584,0.11957142961688011,0.08876436027195117,0.7594664999999998,0
558,3.121569390026305,2,1,0.7083333333333334,1,1.0,0.6584158415841584,0.04911220009980874,0.05223312755003256,1.3582766249999996,1
559,3.121569390026305,2,0,0.7083333333333334,1,0.0,0.6584158415841584,0.08673956341741111,0.09047043341500208,1.2049228124999996,0
560,3.121569390026305,2,2,0.7083333333333334,1,1.0,0.6584158415841584,0.15186085914306652,0.1800409311766261,2.0082046874999997,1
561,3.121569390026305,2,2,0.6119402985074627,1,1.0,0.7682403433476395,0.09188528205618943,0.09576021663332755,1.3655791875,0
562,3.121569390026305,2,6,0.7083333333333334,1,1.0,0.7682403433476395,0.09583825637028193,0.12587972225491348,1.0953843749999999,0
563,3.121569390026305,2,2,0.7083333333333334,1,1.0,0.6584158415841584,0.06707674072619184,0.08515610551623261,0.7886767499999999,1
564,1.2301637262029037,2,0,0.7083333333333334,1,0.0,0.7682403433476395,0.08407421842632629,0.06532953301362912,0.9931484999999999,0
565,3.121569390026305,0,0,0.7083333333333334,1,1.0,0.6584158415841584,0.13198639972391005,0.08547248914437332,0.8032818749999999,1
566,3.121569390026305,2,1,0.7083333333333334,1,1.0,0.6145251396648045,0.0795837920798301,0.047037727758465916,0.7813741874999999,1
567,3.121569390026305,0,0,0.7083333333333334,0,1.0,0.6584158415841584,0.08073563929670657,0.05644875549270011,1.1757125624999998,1
568,3.121569390026305,2,2,0.7083333333333334,1,1.0,0.7682403433476395,0.062017952502165255,0.09318312386540195,1.4970253124999997,1
569,3.386289724329626,2,0,0.7083333333333334,1,1.0,0.7682403433476395,0.2374453606834249,0.2627818221557188,0.26289225,1
570,3.121569390026305,2,1,0.7083333333333334,1,1.0,0.6145251396648045,0.05862858432516438,0.08990637003995623,0.44545631249999995,0
571,3.121569390026305,2,1,0.7083333333333334,1,0.0,0.6145251396648045,0.0630094357933755,0.05440621727433672,1.0661741249999999,0
572,3.121569390026305,2,1,0.7083333333333334,1,1.0,0.6145251396648045,0.09469994912039081,0.07199531435171372,1.25604075,0
573,3.121569390026305,2,0,0.7083333333333334,1,1.0,0.6584158415841584,0.07710189972372762,0.06347747815324604,0.7594664999999998,1
574,3.386289724329626,0,0,0.6119402985074627,1,1.0,0.7682403433476395,0.0589694700832068,0.09023592960780874,0.5111793749999999,1
575,1.2301637262029037,0,0,0.7083333333333334,1,1.0,0.7682403433476395,0.120333507825678,0.1495611002345544,0.686440875,1
576,3.121569390026305,2,2,0.7083333333333334,2,0.0,0.7682403433476395,0.04265571094193009,0.07446420759887665,0.7740716249999999,0
577,3.121569390026305,2,0,0.7083333333333334,1,1.0,0.7682403433476395,0.32079539032759696,0.1587595141622613,0.4089435,1
578,3.121569390026305,2,2,0.7083333333333334,2,1.0,0.7682403433476395,0.053772325637290175,0.08521146426346826,1.4970253125,0
579,1.2301637262029037,0,6,0.7083333333333334,2,1.0,0.7682403433476395,0.062462708060801495,0.09361310208023228,2.1323482499999997,1
580,3.121569390026305,2,0,0.7083333333333334,1,1.0,0.6145251396648045,0.11996907407081625,0.07887977506086298,1.0369638749999999,1
581,3.121569390026305,2,0,0.7083333333333334,2,1.0,0.6584158415841584,0.15623187427305282,0.18426671598379257,1.8986662499999998,1
582,3.121569390026305,0,0,0.6119402985074627,1,1.0,0.6145251396648045,0.07123042770229042,0.10208950752672064,0.8032818749999999,1
583,3.121569390026305,2,2,0.6119402985074627,2,1.0,0.6145251396648045,0.08574188992726413,0.09993550952643779,1.3655791874999998,0
584,3.121569390026305,0,0,0.7083333333333334,1,0.0,0.7682403433476395,0.06840605757435332,0.09935897925776706,0.6426254999999998,0
585,3.121569390026305,2,0,0.7083333333333334,2,1.0,0.6145251396648045,0.13541548385908808,0.16414196607205903,1.3144612499999997,1
586,3.121569390026305,2,2,0.7083333333333334,1,1.0,0.6584158415841584,0.05638884882261415,0.08774105146354173,1.402092,1
587,3.121569390026305,2,0,0.6119402985074627,0,1.0,0.6145251396648045,0.07698519371579098,0.05314101100469724,1.1318971875,1
588,3.121569390026305,2,6,0.7083333333333334,1,1.0,0.6584158415841584,0.10162308692062888,0.13147234738310998,0.9347279999999998,1
589,3.121569390026305,0,0,0.7083333333333334,1,1.0,0.6145251396648045,0.10733028217450127,0.06131536751098785,1.2560407499999997,1
590,3.386289724329626,2,1,0.7083333333333334,1,1.0,0.7682403433476395,0.03788693337969032,0.06985387632067484,3.622070999999999,1
591,3.121569390026305,2,0,0.6119402985074627,1,1.0,0.6584158415841584,0.11377739382351948,0.05338018460296911,0.9347279999999999,0
592,3.121569390026305,2,1,0.7083333333333334,1,1.0,0.7682403433476395,0.06890960895270525,0.056113456082571324,1.2633433124999998,1
593,3.121569390026305,2,2,0.6119402985074627,1,1.0,0.6145251396648045,0.06978020161853328,0.0734895139889334,1.1465023124999998,1
594,3.121569390026305,2,0,0.7083333333333334,1,1.0,0.6145251396648045,0.11234992622690604,0.08720164539865609,0.7886767499999998,1
595,3.386289724329626,0,0,0.7083333333333334,1,1.0,0.6145251396648045,0.09001093092501714,0.12024601415720398,0.5184819374999998,1
596,3.121569390026305,2,6,0.7083333333333334,1,1.0,0.6145251396648045,0.28347792996142385,0.3072849240908556,0.2921025,1
597,3.121569390026305,2,1,0.7083333333333334,1,1.0,0.6584158415841584,0.06499584175346768,0.09319129274509944,1.8475483124999996,1
598,3.121569390026305,2,2,0.7083333333333334,1,1.0,0.6584158415841584,0.08908978754520708,0.11935547647113666,1.3655791874999998,1
599,3.386289724329626,0,0,0.7083333333333334,2,0.0,0.7682403433476395,0.07001960892582815,0.10091891913074265,0.9712408124999998,0
